,index,description,dir_name,num_snps_found,num_coding_snps_found,num_overlapping_snps,num_overlapping_loci,num_original_list,num_original_coding_snps,p_value_threshold,percentage_loci_recovered,ld_based_clumping,r2_threshold,kb_radius,window_size
5466,5466,Staphylococcus infections,phecode-041.1-both_sexes.tsv,0,0,0,0,1,0,4.156650834942748e-07,1.0,True,0.2,500,
5467,5467,Streptococcus infection,phecode-041.2-both_sexes.tsv,1,0,0,0,0,0,4.593661363301716e-07,1.0,True,0.2,500,
5470,5470,Herpes zoster with nervous system complications,phecode-053.1-both_sexes.tsv,0,0,0,0,1,0,2.534364129372363e-07,1.0,True,0.2,500,
5475,5475,Chronic hepatitis,phecode-070.4-both_sexes.tsv,14,7,4,21,21,2,2.791713325668244e-07,1.0,True,0.2,500,
5476,5476,Hepatitis NOS,phecode-070.9-both_sexes.tsv,1,1,1,1,1,1,2.909642581115025e-07,1.0,True,0.2,500,
5509,5509,Cancer of tongue,phecode-145.2-both_sexes.tsv,0,0,0,0,0,0,5.169573219923181e-07,1.0,True,0.2,500,
5510,5510,Cancer of major salivary glands,phecode-145.3-both_sexes.tsv,0,0,0,0,0,0,4.1386564104244557e-07,1.0,True,0.2,500,
5512,5512,Cancer of oropharynx,phecode-149.1-both_sexes.tsv,1,1,0,0,0,0,3.653615894126254e-07,1.0,True,0.2,500,
5513,5513,Cancer of larynx,phecode-149.4-both_sexes.tsv,0,0,0,0,0,0,2.9760407434489866e-07,1.0,True,0.2,500,
5517,5517,Colon cancer,phecode-153.2-both_sexes.tsv,4,1,2,4,5,1,3.7719102103220266e-07,0.8,True,0.2,500,
5518,5518,"Malignant neoplasm of rectum, rectosigmoid junction, and anus",phecode-153.3-both_sexes.tsv,5,0,2,3,3,0,4.137023659651114e-07,1.0,True,0.2,500,
5520,5520,"Malignant neoplasm of liver, primary",phecode-155.1-both_sexes.tsv,1,1,1,1,1,1,2.992848802655542e-07,1.0,True,0.2,500,
5524,5524,"Malignant neoplasm of small intestine, including duodenum",phecode-159.2-both_sexes.tsv,0,0,0,0,0,0,4.857305155029262e-07,1.0,True,0.2,500,
5525,5525,Malignant neoplasm of gallbladder and extrahepatic bile ducts,phecode-159.3-both_sexes.tsv,0,0,0,0,0,0,3.2000381689839817e-07,1.0,True,0.2,500,
5526,5526,Malignant neoplasm of retroperitoneum and peritoneum,phecode-159.4-both_sexes.tsv,0,0,0,0,0,0,3.398407154308391e-07,1.0,True,0.2,500,
5528,5528,Cancer of bronchus; lung,phecode-165.1-both_sexes.tsv,1,1,0,1,1,0,3.241675932879227e-07,1.0,True,0.2,500,
5530,5530,Bone cancer,phecode-170.1-both_sexes.tsv,0,0,0,0,0,0,3.759837190777473e-07,1.0,True,0.2,500,
5531,5531,Cancer of connective tissue,phecode-170.2-both_sexes.tsv,0,0,0,0,0,0,4.199071335763225e-07,1.0,True,0.2,500,
5533,5533,"Melanomas of skin, dx or hx",phecode-172.1-both_sexes.tsv,14,6,4,20,21,3,4.754728901799387e-07,0.9523809523809524,True,0.2,500,
5534,5534,Other non-epithelial cancer of skin,phecode-172.2-both_sexes.tsv,76,35,22,121,132,9,3.7556981416590483e-07,0.9166666666666666,True,0.2,500,
5535,5535,Carcinoma in situ of skin,phecode-172.3-both_sexes.tsv,2,1,2,2,3,1,4.979484076591085e-07,0.6666666666666666,True,0.2,500,
5538,5538,Breast cancer [female],phecode-174.1-females.tsv,42,8,5,51,56,1,3.323285701759105e-07,0.9107142857142856,True,0.2,500,
5539,5539,Malignant neoplasm of female breast,phecode-174.11-females.tsv,39,5,6,43,46,0,3.1920087038108465e-07,0.9347826086956522,True,0.2,500,
5542,5542,Cervical cancer,phecode-180.1-females.tsv,0,0,0,0,1,0,4.116146183944799e-07,1.0,True,0.2,500,
5543,5543,Cervical intraepithelial neoplasia [CIN] [Cervical dysplasia],phecode-180.3-females.tsv,0,0,0,0,1,0,4.116770752870663e-07,1.0,True,0.2,500,
5546,5546,Malignant neoplasm of ovary and other uterine adnexa,phecode-184.1-females.tsv,0,0,0,0,0,0,3.37737454422166e-07,1.0,True,0.2,500,
5547,5547,Malignant neoplasm of ovary,phecode-184.11-females.tsv,0,0,0,0,0,0,4.7100323097015124e-07,1.0,True,0.2,500,
5548,5548,Cancer of other female genital organs (excluding uterus and ovary),phecode-184.2-females.tsv,1,1,0,0,1,0,4.116329961816109e-07,0.0,True,0.2,500,
5551,5551,Malignant neoplasm of testis,phecode-187.2-males.tsv,1,0,1,1,2,0,4.731687197037776e-07,0.5,True,0.2,500,
5552,5552,Neoplasm of uncertain behavior of male genital organs,phecode-187.8-males.tsv,0,0,0,0,0,0,3.184412376098494e-07,1.0,True,0.2,500,
5554,5554,Cancer of kidney and renal pelvis,phecode-189.1-both_sexes.tsv,0,0,0,0,0,0,3.540072821865367e-07,1.0,True,0.2,500,
5555,5555,"Malignant neoplasm of kidney, except pelvis",phecode-189.11-both_sexes.tsv,0,0,0,0,0,0,4.519473653529937e-07,1.0,True,0.2,500,
5556,5556,Cancer of bladder,phecode-189.2-both_sexes.tsv,6,3,2,5,5,1,4.693962775825927e-07,1.0,True,0.2,500,
5557,5557,Malignant neoplasm of bladder,phecode-189.21-both_sexes.tsv,5,2,2,6,6,1,4.693962176383528e-07,1.0,True,0.2,500,
5558,5558,Malignant neoplasm of other urinary organs,phecode-189.4-both_sexes.tsv,0,0,0,0,0,0,3.724469062179096e-07,1.0,True,0.2,500,
5561,5561,Cancer of brain and nervous system,phecode-191.1-both_sexes.tsv,3,2,1,3,3,1,3.6822164727878405e-07,1.0,True,0.2,500,
5562,5562,Cancer of brain,phecode-191.11-both_sexes.tsv,4,2,0,2,2,0,4.1595994741105693e-07,1.0,True,0.2,500,
5566,5566,"Malignant neoplasm, other",phecode-195.1-both_sexes.tsv,7,0,1,5,5,0,2.463237671850031e-07,1.0,True,0.2,500,
5569,5569,Secondary malignancy of lymph nodes,phecode-198.1-both_sexes.tsv,0,0,0,0,0,0,5.043710764040997e-07,1.0,True,0.2,500,
5570,5570,Secondary malignancy of respiratory organs,phecode-198.2-both_sexes.tsv,0,0,0,0,0,0,5.410142499352275e-07,1.0,True,0.2,500,
5571,5571,Secondary malignant neoplasm of digestive systems,phecode-198.3-both_sexes.tsv,0,0,0,0,1,0,3.07386299846984e-07,1.0,True,0.2,500,
5572,5572,Secondary malignant neoplasm of liver,phecode-198.4-both_sexes.tsv,0,0,0,0,0,0,3.191286100406242e-07,1.0,True,0.2,500,
5573,5573,Secondary malignancy of brain/spine,phecode-198.5-both_sexes.tsv,0,0,0,0,0,0,3.53398925564309e-07,1.0,True,0.2,500,
5574,5574,Secondary malignancy of bone,phecode-198.6-both_sexes.tsv,1,1,0,1,1,0,4.890531435255071e-07,1.0,True,0.2,500,
5575,5575,Secondary malignant neoplasm of skin,phecode-198.7-both_sexes.tsv,0,0,0,0,0,0,3.467317835116671e-07,1.0,True,0.2,500,
5577,5577,Neurofibromatosis,phecode-199.4-both_sexes.tsv,0,0,0,0,1,0,2.736275021970937e-07,1.0,True,0.2,500,
5579,5579,Polycythemia vera,phecode-200.1-both_sexes.tsv,5,3,2,6,6,2,2.494327471912099e-07,1.0,True,0.2,500,
5582,5582,Non-Hodgkins lymphoma,phecode-202.2-both_sexes.tsv,15,3,2,9,9,0,4.827366230281928e-07,1.0,True,0.2,500,
5583,5583,Nodular lymphoma,phecode-202.21-both_sexes.tsv,15,3,2,11,11,2,5.923544710182641e-07,1.0,True,0.2,500,
5584,5584,Large cell lymphoma,phecode-202.24-both_sexes.tsv,4,0,0,1,2,0,5.923544331949504e-07,0.5,True,0.2,500,
5586,5586,Lymphoid leukemia,phecode-204.1-both_sexes.tsv,5,1,3,5,5,1,4.473365200273145e-07,1.0,True,0.2,500,
5587,5587,"Lymphoid leukemia, chronic",phecode-204.12-both_sexes.tsv,9,1,2,9,9,1,4.569903053264337e-07,1.0,True,0.2,500,
5588,5588,Myeloid leukemia,phecode-204.2-both_sexes.tsv,0,0,0,0,0,0,4.210037145740445e-07,1.0,True,0.2,500,
5589,5589,"Myeloid leukemia, acute",phecode-204.21-both_sexes.tsv,0,0,0,0,0,0,4.044821027880972e-07,1.0,True,0.2,500,
5590,5590,"Myeloid leukemia, chronic",phecode-204.22-both_sexes.tsv,0,0,0,0,0,0,2.424684286666221e-07,1.0,True,0.2,500,
5591,5591,Multiple myeloma,phecode-204.4-both_sexes.tsv,2,0,0,1,1,0,2.423632576921756e-07,1.0,True,0.2,500,
5598,5598,Lipoma of skin and subcutaneous tissue,phecode-214.1-both_sexes.tsv,1,1,1,1,3,1,4.91505008650736e-07,0.3333333333333333,True,0.2,500,
5602,5602,"Nevus, non-neoplastic",phecode-217.1-both_sexes.tsv,0,0,0,0,0,0,4.233618547075135e-07,1.0,True,0.2,500,
5604,5604,Uterine leiomyoma,phecode-218.1-females.tsv,19,10,6,17,20,4,5.278509254418632e-07,0.85,True,0.2,500,
5605,5605,Other benign neoplasm of uterus,phecode-218.2-females.tsv,0,0,0,0,0,0,5.281469175324071e-07,1.0,True,0.2,500,
5612,5612,"Benign neoplasm of brain, cranial nerves, meninges",phecode-225.1-both_sexes.tsv,0,0,0,0,0,0,2.5025907828660933e-07,1.0,True,0.2,500,
5615,5615,Benign neoplasm of adrenal gland,phecode-227.1-both_sexes.tsv,1,0,0,0,0,0,5.16892327828667e-07,1.0,True,0.2,500,
5616,5616,Benign neoplasm of parathyroid gland,phecode-227.2-both_sexes.tsv,0,0,0,0,1,0,4.155963202934764e-07,1.0,True,0.2,500,
5617,5617,Benign neoplasm of pituitary gland and craniopharyngeal duct (pouch),phecode-227.3-both_sexes.tsv,0,0,0,0,0,0,2.642204760224076e-07,1.0,True,0.2,500,
5622,5622,Nontoxic uninodular goiter,phecode-241.1-both_sexes.tsv,1,0,0,0,0,0,4.953189559417752e-07,1.0,True,0.2,500,
5623,5623,Nontoxic multinodular goiter,phecode-241.2-both_sexes.tsv,9,3,2,7,9,0,6.205014940937535e-07,0.7777777777777778,True,0.2,500,
5625,5625,Graves' disease,phecode-242.1-both_sexes.tsv,61,17,18,69,69,8,4.4130964175776853e-07,1.0,True,0.2,500,
5626,5626,Toxic multinodular goiter,phecode-242.2-both_sexes.tsv,2,2,0,1,1,0,6.205015733350026e-07,1.0,True,0.2,500,
5627,5627,Exophthalmos,phecode-242.3-both_sexes.tsv,6,4,1,11,11,2,4.953189243143813e-07,1.0,True,0.2,500,
5629,5629,Secondary hypothyroidism,phecode-244.1-both_sexes.tsv,4,3,0,3,4,0,4.953189559417752e-07,0.75,True,0.2,500,
5630,5630,Acquired hypothyroidism,phecode-244.2-both_sexes.tsv,0,0,0,0,0,0,6.205015733350026e-07,1.0,True,0.2,500,
5631,5631,Hypothyroidism NOS,phecode-244.4-both_sexes.tsv,209,133,45,314,338,37,6.203815252311441e-07,0.9289940828402368,True,0.2,500,
5633,5633,Chronic thyroiditis,phecode-245.2-both_sexes.tsv,1,0,0,0,0,0,4.953189559417752e-07,1.0,True,0.2,500,
5634,5634,Chronic lymphocytic thyroiditis,phecode-245.21-both_sexes.tsv,1,0,0,0,0,0,6.20501533714378e-07,1.0,True,0.2,500,
5637,5637,Type 1 diabetes,phecode-250.1-both_sexes.tsv,116,89,29,201,201,28,5.12797229608073e-07,1.0,True,0.2,500,
5638,5638,Type 1 diabetes with ketoacidosis,phecode-250.11-both_sexes.tsv,50,25,12,83,84,8,3.196228383574884e-07,0.988095238095238,True,0.2,500,
5639,5639,Type 1 diabetes with ophthalmic manifestations,phecode-250.13-both_sexes.tsv,71,42,18,120,121,14,3.13882007744294e-07,0.9917355371900828,True,0.2,500,
5640,5640,Type 2 diabetes,phecode-250.2-both_sexes.tsv,101,25,28,127,139,9,3.3028928704426084e-07,0.9136690647482014,True,0.2,500,
5641,5641,Type 2 diabetes with ketoacidosis,phecode-250.21-both_sexes.tsv,0,0,0,0,1,0,3.1658700651404693e-07,1.0,True,0.2,500,
5642,5642,Type 2 diabetes with renal manifestations,phecode-250.22-both_sexes.tsv,0,0,0,0,0,0,3.247437687088033e-07,1.0,True,0.2,500,
5643,5643,Type 2 diabetes with ophthalmic manifestations,phecode-250.23-both_sexes.tsv,8,4,1,9,10,0,2.667025584228898e-07,0.9,True,0.2,500,
5644,5644,Type 2 diabetes with neurological manifestations,phecode-250.24-both_sexes.tsv,2,1,1,4,4,1,2.595174368468184e-07,1.0,True,0.2,500,
5645,5645,Abnormal glucose,phecode-250.4-both_sexes.tsv,0,0,0,0,0,0,3.2575825750965973e-07,1.0,True,0.2,500,
5646,5646,Impaired fasting glucose,phecode-250.41-both_sexes.tsv,0,0,0,0,0,0,2.779325092948348e-07,1.0,True,0.2,500,
5647,5647,Other abnormal glucose,phecode-250.42-both_sexes.tsv,0,0,0,0,0,0,2.746383826140267e-07,1.0,True,0.2,500,
5648,5648,Glycosuria or Acetonuria,phecode-250.5-both_sexes.tsv,0,0,0,0,0,0,3.097109642777192e-07,1.0,True,0.2,500,
5649,5649,Polyneuropathy in diabetes,phecode-250.6-both_sexes.tsv,1,1,0,1,1,0,3.136947772019314e-07,1.0,True,0.2,500,
5650,5650,Diabetic retinopathy,phecode-250.7-both_sexes.tsv,37,27,9,73,73,11,3.263351529938243e-07,1.0,True,0.2,500,
5652,5652,Hypoglycemia,phecode-251.1-both_sexes.tsv,20,9,5,44,44,5,3.136242655561693e-07,1.0,True,0.2,500,
5654,5654,Hyperparathyroidism,phecode-252.1-both_sexes.tsv,0,0,0,0,1,0,4.298931381106883e-07,1.0,True,0.2,500,
5655,5655,Hypoparathyroidism,phecode-252.2-both_sexes.tsv,0,0,0,0,0,0,2.91411206529538e-07,1.0,True,0.2,500,
5657,5657,Pituitary hyperfunction,phecode-253.1-both_sexes.tsv,1,0,0,0,1,0,3.850370898140936e-07,0.0,True,0.2,500,
5658,5658,Acromegaly and gigantism,phecode-253.11-both_sexes.tsv,0,0,0,0,0,0,3.200038536732085e-07,1.0,True,0.2,500,
5659,5659,Pituitary hypofunction,phecode-253.2-both_sexes.tsv,0,0,0,0,1,0,2.987552540826087e-07,1.0,True,0.2,500,
5660,5660,Diabetes insipidus,phecode-253.3-both_sexes.tsv,0,0,0,0,0,0,3.112450007512288e-07,1.0,True,0.2,500,
5661,5661,Other disorders of neurohypophysis,phecode-253.7-both_sexes.tsv,0,0,0,0,0,0,2.590778297735493e-07,1.0,True,0.2,500,
5663,5663,Adrenal hyperfunction,phecode-255.1-both_sexes.tsv,0,0,0,0,0,0,4.4648009510559683e-07,1.0,True,0.2,500,
5664,5664,Cushing's syndrome,phecode-255.11-both_sexes.tsv,0,0,0,0,0,0,3.397555127748028e-07,1.0,True,0.2,500,
5665,5665,Adrenal hypofunction,phecode-255.2-both_sexes.tsv,5,3,1,5,5,1,4.329580922418535e-07,1.0,True,0.2,500,
5666,5666,Glucocorticoid deficiency,phecode-255.21-both_sexes.tsv,4,2,1,5,5,1,3.471729541386742e-07,1.0,True,0.2,500,
5668,5668,Polycystic ovaries,phecode-256.4-females.tsv,0,0,0,0,0,0,4.0988554821067e-07,1.0,True,0.2,500,
5670,5670,Testicular hypofunction,phecode-257.1-males.tsv,0,0,0,0,0,0,3.614128531045342e-07,1.0,True,0.2,500,
5674,5674,Anorexia,phecode-260.6-both_sexes.tsv,0,0,0,0,0,0,2.8355898771837575e-07,1.0,True,0.2,500,
5676,5676,Vitamin B-complex deficiencies,phecode-261.2-both_sexes.tsv,1,1,1,1,1,1,3.069963613924673e-07,1.0,True,0.2,500,
5677,5677,Vitamin D deficiency,phecode-261.4-both_sexes.tsv,0,0,0,0,0,0,3.6489590435347146e-07,1.0,True,0.2,500,
5681,5681,Disorders of plasma protein metabolism,phecode-270.3-both_sexes.tsv,2,0,2,2,2,0,2.909643881630773e-07,1.0,True,0.2,500,
5682,5682,Paraproteinemia,phecode-270.32-both_sexes.tsv,0,0,0,0,0,0,4.05672698487201e-07,1.0,True,0.2,500,
5683,5683,Amyloidosis,phecode-270.33-both_sexes.tsv,0,0,0,0,0,0,2.849708607700152e-07,1.0,True,0.2,500,
5685,5685,Intestinal disaccharidase deficiencies and disaccharide malabsorption,phecode-271.3-both_sexes.tsv,0,0,0,0,0,0,7.232353786005683e-07,1.0,True,0.2,500,
5687,5687,Hyperlipidemia,phecode-272.1-both_sexes.tsv,107,41,36,128,136,19,2.909491070369052e-07,0.9411764705882352,True,0.2,500,
5688,5688,Hypercholesterolemia,phecode-272.11-both_sexes.tsv,97,37,36,115,120,22,2.909480835744648e-07,0.9583333333333334,True,0.2,500,
5689,5689,Mixed hyperlipidemia,phecode-272.13-both_sexes.tsv,0,0,0,0,0,0,3.200037801234976e-07,1.0,True,0.2,500,
5690,5690,Unspecified disorder of lipoid metabolism,phecode-272.9-both_sexes.tsv,0,0,0,0,0,0,3.252624771126936e-07,1.0,True,0.2,500,
5692,5692,Gout,phecode-274.1-both_sexes.tsv,28,7,6,42,43,2,2.605028295646228e-07,0.9767441860465116,True,0.2,500,
5693,5693,Gouty arthropathy,phecode-274.11-both_sexes.tsv,0,0,0,0,0,0,2.965198270080812e-07,1.0,True,0.2,500,
5694,5694,Crystal arthropathies,phecode-274.2-both_sexes.tsv,0,0,0,0,0,0,2.756131084139906e-07,1.0,True,0.2,500,
5695,5695,Chondrocalcinosis,phecode-274.21-both_sexes.tsv,0,0,0,0,0,0,4.294574625498668e-07,1.0,True,0.2,500,
5697,5697,Disorders of iron metabolism,phecode-275.1-both_sexes.tsv,141,43,25,200,201,10,2.522838307348518e-07,0.9950248756218906,True,0.2,500,
5698,5698,Disorders of magnesium metabolism,phecode-275.3-both_sexes.tsv,0,0,0,0,0,0,3.560843647158277e-07,1.0,True,0.2,500,
5699,5699,Disorders of calcium/phosphorus metabolism,phecode-275.5-both_sexes.tsv,0,0,0,0,0,0,3.334708857352623e-07,1.0,True,0.2,500,
5700,5700,Disorders of phosphorus metabolism,phecode-275.53-both_sexes.tsv,0,0,0,0,0,0,3.3586625135967005e-07,1.0,True,0.2,500,
5702,5702,Electrolyte imbalance,phecode-276.1-both_sexes.tsv,1,0,0,0,0,0,4.3160989709971254e-07,1.0,True,0.2,500,
5703,5703,Hyperosmolality and/or hypernatremia,phecode-276.11-both_sexes.tsv,0,0,0,0,0,0,3.560841146102149e-07,1.0,True,0.2,500,
5704,5704,Hyposmolality and/or hyponatremia,phecode-276.12-both_sexes.tsv,0,0,0,0,0,0,3.561580468606984e-07,1.0,True,0.2,500,
5705,5705,Hyperpotassemia,phecode-276.13-both_sexes.tsv,0,0,0,0,0,0,3.261691048888272e-07,1.0,True,0.2,500,
5706,5706,Hypopotassemia,phecode-276.14-both_sexes.tsv,1,0,0,0,0,0,4.206636783538207e-07,1.0,True,0.2,500,
5707,5707,Acid-base balance disorder,phecode-276.4-both_sexes.tsv,0,0,0,0,0,0,4.645361678630591e-07,1.0,True,0.2,500,
5708,5708,Acidosis,phecode-276.41-both_sexes.tsv,0,0,0,0,0,0,2.77246001586247e-07,1.0,True,0.2,500,
5709,5709,Alkalosis,phecode-276.42-both_sexes.tsv,0,0,0,0,0,0,2.862449142969941e-07,1.0,True,0.2,500,
5710,5710,Hypovolemia,phecode-276.5-both_sexes.tsv,0,0,0,0,0,0,2.502280739155439e-07,1.0,True,0.2,500,
5711,5711,Fluid overload,phecode-276.6-both_sexes.tsv,0,0,0,0,0,0,2.9466510601564365e-07,1.0,True,0.2,500,
5712,5712,Polydipsia,phecode-276.8-both_sexes.tsv,2,0,0,1,1,0,3.051149186572445e-07,1.0,True,0.2,500,
5714,5714,Disorders of bilirubin excretion,phecode-277.4-both_sexes.tsv,18,2,6,33,33,0,3.313162189275332e-07,1.0,True,0.2,500,
5715,5715,Other disorders of lipoid metabolism,phecode-277.5-both_sexes.tsv,0,0,0,0,0,0,2.95306743006095e-07,1.0,True,0.2,500,
5717,5717,Obesity,phecode-278.1-both_sexes.tsv,12,5,4,11,14,2,2.7571216721486605e-07,0.7857142857142857,True,0.2,500,
5719,5719,Immunity deficiency,phecode-279.1-both_sexes.tsv,0,0,0,0,0,0,4.78667124720415e-07,1.0,True,0.2,500,
5720,5720,Deficiency of humoral immunity,phecode-279.11-both_sexes.tsv,0,0,0,0,0,0,5.92354249862134e-07,1.0,True,0.2,500,
5721,5721,Other immunological findings,phecode-279.7-both_sexes.tsv,0,0,0,0,0,0,2.7859566029462845e-07,1.0,True,0.2,500,
5723,5723,"Iron deficiency anemias, unspecified or not due to blood loss",phecode-280.1-both_sexes.tsv,7,3,0,9,10,1,2.9363720843544297e-07,0.9,True,0.2,500,
5724,5724,Iron deficiency anemia secondary to blood loss (chronic),phecode-280.2-both_sexes.tsv,0,0,0,0,0,0,2.8420567239975085e-07,1.0,True,0.2,500,
5726,5726,Megaloblastic anemia,phecode-281.1-both_sexes.tsv,2,0,0,2,3,0,3.054305090318255e-07,0.6666666666666666,True,0.2,500,
5727,5727,Pernicious anemia,phecode-281.11-both_sexes.tsv,1,0,1,2,3,0,2.546706582931407e-07,0.6666666666666666,True,0.2,500,
5728,5728,Other vitamin B12 deficiency anemia,phecode-281.12-both_sexes.tsv,3,0,1,2,3,0,2.70542675431232e-07,0.6666666666666666,True,0.2,500,
5729,5729,Folate-deficiency anemia,phecode-281.13-both_sexes.tsv,0,0,0,0,0,0,4.210031769312532e-07,1.0,True,0.2,500,
5733,5733,Other hereditary hemolytic anemias,phecode-282.9-both_sexes.tsv,0,0,0,0,0,0,2.555857145561568e-07,1.0,True,0.2,500,
5735,5735,Autoimmune hemolytic anemias,phecode-283.1-both_sexes.tsv,0,0,0,0,0,0,4.351543358238607e-07,1.0,True,0.2,500,
5738,5738,Acute posthemorrhagic anemia,phecode-285.1-both_sexes.tsv,0,0,0,0,0,0,2.265345575965729e-07,1.0,True,0.2,500,
5739,5739,Anemia of chronic disease,phecode-285.2-both_sexes.tsv,0,0,0,0,0,0,2.705426408815422e-07,1.0,True,0.2,500,
5740,5740,Anemia in neoplastic disease,phecode-285.22-both_sexes.tsv,0,0,0,0,0,0,2.3612936405960185e-07,1.0,True,0.2,500,
5742,5742,Congenital coagulation defects,phecode-286.1-both_sexes.tsv,10,4,3,29,32,1,4.7412015408126454e-07,0.90625,True,0.2,500,
5743,5743,Von willebrand's disease,phecode-286.11-both_sexes.tsv,0,0,0,0,0,0,4.5745152987306746e-07,1.0,True,0.2,500,
5744,5744,Congenital deficiency of other clotting factors (including factor VII),phecode-286.12-both_sexes.tsv,22,4,5,38,40,0,3.6170440971461996e-07,0.95,True,0.2,500,
5746,5746,Defibrination syndrome,phecode-286.6-both_sexes.tsv,6,2,1,18,24,0,4.133819449760197e-07,0.75,True,0.2,500,
5747,5747,Other and unspecified coagulation defects,phecode-286.7-both_sexes.tsv,2,0,0,1,1,0,2.357314794438813e-07,1.0,True,0.2,500,
5749,5749,Spontaneous ecchymoses,phecode-287.1-both_sexes.tsv,0,0,0,0,0,0,2.425558056318588e-07,1.0,True,0.2,500,
5750,5750,Thrombocytopenia,phecode-287.3-both_sexes.tsv,0,0,0,0,0,0,3.163621610651112e-07,1.0,True,0.2,500,
5751,5751,Primary thrombocytopenia,phecode-287.31-both_sexes.tsv,0,0,0,0,1,0,2.768027689660316e-07,1.0,True,0.2,500,
5752,5752,Secondary thrombocytopenia,phecode-287.32-both_sexes.tsv,0,0,0,0,0,0,3.162165169016655e-07,1.0,True,0.2,500,
5754,5754,Decreased white blood cell count,phecode-288.1-both_sexes.tsv,0,0,0,0,0,0,2.2646879234186186e-07,1.0,True,0.2,500,
5755,5755,Elevated white blood cell count,phecode-288.2-both_sexes.tsv,0,0,0,0,0,0,3.404052584835671e-07,1.0,True,0.2,500,
5758,5758,Lymphadenitis,phecode-289.4-both_sexes.tsv,0,0,0,0,1,0,4.341077756123489e-07,1.0,True,0.2,500,
5759,5759,Diseases of spleen,phecode-289.5-both_sexes.tsv,0,0,0,0,0,0,3.214149938923076e-07,1.0,True,0.2,500,
5760,5760,"Polycythemia, secondary",phecode-289.8-both_sexes.tsv,2,1,0,1,1,0,2.564889329260803e-07,1.0,True,0.2,500,
5761,5761,Abnormality of red blood cells,phecode-289.9-both_sexes.tsv,0,0,0,0,0,0,4.2100355328120715e-07,1.0,True,0.2,500,
5763,5763,Dementias,phecode-290.1-both_sexes.tsv,10,5,5,18,19,2,2.662491074646557e-07,0.9473684210526316,True,0.2,500,
5764,5764,Alzheimer's disease,phecode-290.11-both_sexes.tsv,7,4,2,14,14,2,3.072885918682087e-07,1.0,True,0.2,500,
5766,5766,Vascular dementia,phecode-290.16-both_sexes.tsv,1,1,1,1,1,1,2.789721136118706e-07,1.0,True,0.2,500,
5767,5767,Delirium due to conditions classified elsewhere,phecode-290.2-both_sexes.tsv,1,1,1,1,1,1,2.710971544381909e-07,1.0,True,0.2,500,
5769,5769,Transient mental disorders due to conditions classified elsewhere,phecode-291.1-both_sexes.tsv,0,0,0,0,0,0,2.7448882157032584e-07,1.0,True,0.2,500,
5770,5770,Specific nonpsychotic mental disorders due to brain damage,phecode-291.4-both_sexes.tsv,0,0,0,0,0,0,3.154089239695134e-07,1.0,True,0.2,500,
5771,5771,Alteration of consciousness,phecode-291.8-both_sexes.tsv,0,0,0,0,0,0,2.607806063149201e-07,1.0,True,0.2,500,
5773,5773,Aphasia/speech disturbance,phecode-292.1-both_sexes.tsv,0,0,0,0,0,0,3.216900255855341e-07,1.0,True,0.2,500,
5774,5774,Mild cognitive impairment,phecode-292.2-both_sexes.tsv,0,0,0,0,0,0,2.710971198177024e-07,1.0,True,0.2,500,
5775,5775,Memory loss,phecode-292.3-both_sexes.tsv,0,0,0,0,0,0,2.607805694216365e-07,1.0,True,0.2,500,
5776,5776,Altered mental status,phecode-292.4-both_sexes.tsv,1,1,1,1,1,1,2.606964285001802e-07,1.0,True,0.2,500,
5777,5777,Hallucinations,phecode-292.6-both_sexes.tsv,1,1,0,0,0,0,2.885132314530668e-07,1.0,True,0.2,500,
5779,5779,"Swelling, mass, or lump in head and neck [Space-occupying lesion, intracranial NOS]",phecode-293.1-both_sexes.tsv,0,0,0,0,0,0,2.825421564502779e-07,1.0,True,0.2,500,
5781,5781,Schizophrenia,phecode-295.1-both_sexes.tsv,1,0,1,1,1,0,2.606958442390969e-07,1.0,True,0.2,500,
5782,5782,Paranoid disorders,phecode-295.2-both_sexes.tsv,0,0,0,0,0,0,2.7888965304529185e-07,1.0,True,0.2,500,
5783,5783,Psychosis,phecode-295.3-both_sexes.tsv,0,0,0,0,0,0,2.6130568901780165e-07,1.0,True,0.2,500,
5785,5785,Bipolar,phecode-296.1-both_sexes.tsv,0,0,0,0,0,0,2.497230264960157e-07,1.0,True,0.2,500,
5786,5786,Depression,phecode-296.2-both_sexes.tsv,0,0,0,0,0,0,2.916186532866029e-07,1.0,True,0.2,500,
5787,5787,Major depressive disorder,phecode-296.22-both_sexes.tsv,0,0,0,0,0,0,2.4969000615968416e-07,1.0,True,0.2,500,
5791,5791,Anxiety disorder,phecode-300.1-both_sexes.tsv,0,0,0,0,0,0,2.7097932537997013e-07,1.0,True,0.2,500,
5792,5792,Generalized anxiety disorder,phecode-300.11-both_sexes.tsv,0,0,0,0,0,0,2.6130568901780165e-07,1.0,True,0.2,500,
5793,5793,"Agorophobia, social phobia, and panic disorder",phecode-300.12-both_sexes.tsv,0,0,0,0,0,0,2.57560857519611e-07,1.0,True,0.2,500,
5794,5794,Phobia,phecode-300.13-both_sexes.tsv,0,0,0,0,0,0,2.6508577510855656e-07,1.0,True,0.2,500,
5795,5795,Obsessive-compulsive disorders,phecode-300.3-both_sexes.tsv,0,0,0,0,0,0,2.60779884418397e-07,1.0,True,0.2,500,
5796,5796,Acute reaction to stress,phecode-300.8-both_sexes.tsv,0,0,0,0,0,0,2.768040934638905e-07,1.0,True,0.2,500,
5797,5797,Posttraumatic stress disorder,phecode-300.9-both_sexes.tsv,0,0,0,0,1,0,2.710962762163921e-07,1.0,True,0.2,500,
5799,5799,Antisocial/borderline personality disorder,phecode-301.2-both_sexes.tsv,0,0,0,0,1,0,2.555038562902543e-07,1.0,True,0.2,500,
5802,5802,Dissociative disorder,phecode-303.1-both_sexes.tsv,0,0,0,0,0,0,2.799160056179755e-07,1.0,True,0.2,500,
5803,5803,Psychogenic disorder,phecode-303.3-both_sexes.tsv,0,0,0,0,0,0,2.607798677668666e-07,1.0,True,0.2,500,
5804,5804,Somatoform disorder,phecode-303.4-both_sexes.tsv,0,0,0,0,1,0,2.662482510527685e-07,1.0,True,0.2,500,
5806,5806,Eating disorder,phecode-305.2-both_sexes.tsv,0,0,0,0,0,0,2.613057057028998e-07,1.0,True,0.2,500,
5808,5808,Tension headache,phecode-306.9-both_sexes.tsv,0,0,0,0,0,0,2.59696940552193e-07,1.0,True,0.2,500,
5811,5811,Learning disorder,phecode-315.1-both_sexes.tsv,0,0,0,0,0,0,2.9170748298306054e-07,1.0,True,0.2,500,
5812,5812,Speech and language disorder,phecode-315.2-both_sexes.tsv,0,0,0,0,0,0,3.2169013100867226e-07,1.0,True,0.2,500,
5815,5815,Alcoholism,phecode-317.1-both_sexes.tsv,0,0,0,0,0,0,2.60696481930531e-07,1.0,True,0.2,500,
5816,5816,Alcoholic liver damage,phecode-317.11-both_sexes.tsv,1,1,1,1,1,1,2.791711424314625e-07,1.0,True,0.2,500,
5822,5822,Sleep apnea,phecode-327.3-both_sexes.tsv,1,0,0,1,1,0,2.9160952520771813e-07,1.0,True,0.2,500,
5823,5823,Insomnia,phecode-327.4-both_sexes.tsv,1,0,0,0,0,0,2.9170767860449015e-07,1.0,True,0.2,500,
5824,5824,Organic or persistent insomnia,phecode-327.41-both_sexes.tsv,,,,,,,,,,,,
5826,5826,Hydrocephalus,phecode-331.1-both_sexes.tsv,0,0,0,0,0,0,2.7176240042146265e-07,1.0,True,0.2,500,
5827,5827,"Cerebral degeneration, unspecified",phecode-331.9-both_sexes.tsv,0,0,0,0,0,0,2.97919748380008e-07,1.0,True,0.2,500,
5830,5830,Essential tremor,phecode-333.1-both_sexes.tsv,0,0,0,0,1,0,3.481648808340792e-07,1.0,True,0.2,500,
5831,5831,Myoclonus,phecode-333.2-both_sexes.tsv,0,0,0,0,0,0,2.788904104710177e-07,1.0,True,0.2,500,
5832,5832,Torsion dystonia,phecode-333.4-both_sexes.tsv,0,0,0,0,0,0,2.360441603939462e-07,1.0,True,0.2,500,
5834,5834,Spinocerebellar disease,phecode-334.1-both_sexes.tsv,0,0,0,0,0,0,3.489586782383939e-07,1.0,True,0.2,500,
5835,5835,Anterior horn cell disease,phecode-334.2-both_sexes.tsv,0,0,0,0,0,0,5.799010692433804e-07,1.0,True,0.2,500,
5839,5839,Acute pain,phecode-338.1-both_sexes.tsv,0,0,0,0,0,0,2.618202013366269e-07,1.0,True,0.2,500,
5840,5840,Chronic pain,phecode-338.2-both_sexes.tsv,0,0,0,0,0,0,2.7428923611074626e-07,1.0,True,0.2,500,
5843,5843,Migrain with aura,phecode-340.1-both_sexes.tsv,0,0,0,0,0,0,2.688541802214614e-07,1.0,True,0.2,500,
5849,5849,Epilepsy,phecode-345.1-both_sexes.tsv,1,1,0,0,0,0,2.6731971087785705e-07,1.0,True,0.2,500,
5850,5850,Generalized convulsive epilepsy,phecode-345.11-both_sexes.tsv,2,1,1,2,2,1,2.4972360106324454e-07,1.0,True,0.2,500,
5851,5851,Partial epilepsy,phecode-345.12-both_sexes.tsv,0,0,0,0,0,0,2.506848694528632e-07,1.0,True,0.2,500,
5852,5852,Convulsions,phecode-345.3-both_sexes.tsv,0,0,0,0,0,0,2.6069652113486213e-07,1.0,True,0.2,500,
5855,5855,Cerebral edema and compression of brain,phecode-348.2-both_sexes.tsv,0,0,0,0,0,0,2.613063170989878e-07,1.0,True,0.2,500,
5856,5856,Cerebral cysts,phecode-348.4-both_sexes.tsv,0,0,0,0,0,0,2.613063170989878e-07,1.0,True,0.2,500,
5857,5857,Coma,phecode-348.7-both_sexes.tsv,1,0,0,0,0,0,2.4972360106324454e-07,1.0,True,0.2,500,
5858,5858,"Encephalopathy, not elsewhere classified",phecode-348.8-both_sexes.tsv,0,0,0,0,0,0,2.613063170989878e-07,1.0,True,0.2,500,
5859,5859,"Other conditions of brain, NOS",phecode-348.9-both_sexes.tsv,0,0,0,0,0,0,2.7109702866504226e-07,1.0,True,0.2,500,
5862,5862,Abnormal involuntary movements,phecode-350.1-both_sexes.tsv,0,0,0,0,0,0,2.555044129340783e-07,1.0,True,0.2,500,
5863,5863,Abnormality of gait,phecode-350.2-both_sexes.tsv,0,0,0,0,0,0,4.06373521064274e-07,1.0,True,0.2,500,
5864,5864,Lack of coordination,phecode-350.3-both_sexes.tsv,0,0,0,0,0,0,4.064124854872119e-07,1.0,True,0.2,500,
5865,5865,Disturbances of sensation of smell and taste,phecode-350.6-both_sexes.tsv,0,0,0,0,0,0,3.182968855430992e-07,1.0,True,0.2,500,
5868,5868,Trigeminal nerve disorders [CN5],phecode-352.1-both_sexes.tsv,0,0,0,0,0,0,2.5679829272012054e-07,1.0,True,0.2,500,
5869,5869,Facial nerve disorders [CN7],phecode-352.2-both_sexes.tsv,0,0,0,0,0,0,3.168307964329643e-07,1.0,True,0.2,500,
5871,5871,Nerve plexus lesions,phecode-353.1-both_sexes.tsv,0,0,0,0,0,0,2.607805730118925e-07,1.0,True,0.2,500,
5875,5875,Myasthenia gravis,phecode-358.1-both_sexes.tsv,0,0,0,0,0,0,2.645849988410432e-07,1.0,True,0.2,500,
5877,5877,Muscular dystrophies,phecode-359.1-both_sexes.tsv,3,1,0,1,1,0,3.481650800990623e-07,1.0,True,0.2,500,
5878,5878,Myopathy,phecode-359.2-both_sexes.tsv,1,0,0,0,0,0,3.43185202780702e-07,1.0,True,0.2,500,
5880,5880,Progressive myopia,phecode-360.2-both_sexes.tsv,0,0,0,0,0,0,3.5617108946234174e-07,1.0,True,0.2,500,
5882,5882,Retinal detachment with retinal defect,phecode-361.1-both_sexes.tsv,1,0,0,2,2,0,5.258013384994716e-07,1.0,True,0.2,500,
5884,5884,Degeneration of macula and posterior pole of retina,phecode-362.2-both_sexes.tsv,5,3,0,4,4,0,3.801416001799698e-07,1.0,True,0.2,500,
5885,5885,Macular degeneration (senile) of retina NOS,phecode-362.29-both_sexes.tsv,5,3,0,5,5,0,3.801416486632198e-07,1.0,True,0.2,500,
5886,5886,Other nondiabetic retinopathy,phecode-362.3-both_sexes.tsv,0,0,0,0,0,0,3.782880151884425e-07,1.0,True,0.2,500,
5887,5887,Separation of retinal layers,phecode-362.31-both_sexes.tsv,0,0,0,0,0,0,3.801828732452354e-07,1.0,True,0.2,500,
5888,5888,Retinal vascular changes and abnomalities,phecode-362.4-both_sexes.tsv,0,0,0,0,0,0,5.257535950863237e-07,1.0,True,0.2,500,
5889,5889,Peripheral retinal degenerations,phecode-362.6-both_sexes.tsv,0,0,0,0,0,0,5.257536286570243e-07,1.0,True,0.2,500,
5890,5890,Hereditary retinal dystrophies,phecode-362.7-both_sexes.tsv,34,31,8,61,61,9,5.259122513535702e-07,1.0,True,0.2,500,
5891,5891,Retinal hemorrhage/ischemia,phecode-362.8-both_sexes.tsv,0,0,0,0,0,0,3.801828732452354e-07,1.0,True,0.2,500,
5893,5893,Chorioretinal scars,phecode-363.3-both_sexes.tsv,0,0,0,0,0,0,3.801828489695962e-07,1.0,True,0.2,500,
5895,5895,Corneal opacity,phecode-364.1-both_sexes.tsv,0,0,0,0,0,0,4.360595093640488e-07,1.0,True,0.2,500,
5896,5896,Corneal edema,phecode-364.2-both_sexes.tsv,1,1,0,0,0,0,4.587909206704094e-07,1.0,True,0.2,500,
5897,5897,Corneal degenerations,phecode-364.4-both_sexes.tsv,0,0,0,0,0,0,3.5617108946234174e-07,1.0,True,0.2,500,
5898,5898,Keratoconus,phecode-364.41-both_sexes.tsv,0,0,0,0,0,0,3.40240172063568e-07,1.0,True,0.2,500,
5899,5899,Corneal dystrophy,phecode-364.5-both_sexes.tsv,10,2,0,21,24,0,3.4528776615188697e-07,0.875,True,0.2,500,
5902,5902,Open-angle glaucoma,phecode-365.1-both_sexes.tsv,3,0,1,3,4,0,3.783060066313612e-07,0.75,True,0.2,500,
5903,5903,Primary open angle glaucoma,phecode-365.11-both_sexes.tsv,3,0,0,3,3,0,4.153355450859575e-07,1.0,True,0.2,500,
5904,5904,Primary angle-closure glaucoma,phecode-365.2-both_sexes.tsv,1,1,1,1,1,1,3.782880393430902e-07,1.0,True,0.2,500,
5906,5906,Senile cataract,phecode-366.2-both_sexes.tsv,9,2,2,10,10,1,4.023948927964222e-07,1.0,True,0.2,500,
5907,5907,Traumatic cataract,phecode-366.3-both_sexes.tsv,0,0,0,0,0,0,3.463571499973903e-07,1.0,True,0.2,500,
5909,5909,Myopia,phecode-367.1-both_sexes.tsv,1,1,0,1,2,0,3.463569606233457e-07,0.5,True,0.2,500,
5910,5910,Astigmatism,phecode-367.2-both_sexes.tsv,0,0,0,0,0,0,3.846961825385713e-07,1.0,True,0.2,500,
5911,5911,Hypermetropia,phecode-367.8-both_sexes.tsv,0,0,0,0,0,0,3.469574450833193e-07,1.0,True,0.2,500,
5912,5912,Blindness and low vision,phecode-367.9-both_sexes.tsv,0,0,0,0,0,0,3.284643959887365e-07,1.0,True,0.2,500,
5914,5914,Amblyopia,phecode-368.1-both_sexes.tsv,0,0,0,0,0,0,3.328661559107675e-07,1.0,True,0.2,500,
5915,5915,Diplopia and disorders of binocular vision,phecode-368.2-both_sexes.tsv,1,0,1,1,1,0,3.59077139799206e-07,1.0,True,0.2,500,
5916,5916,Anisometropia,phecode-368.3-both_sexes.tsv,0,0,0,0,0,0,3.401628541107099e-07,1.0,True,0.2,500,
5917,5917,Visual field defects,phecode-368.4-both_sexes.tsv,0,0,0,0,0,0,3.78287842929241e-07,1.0,True,0.2,500,
5918,5918,Subjective visual disturbances,phecode-368.9-both_sexes.tsv,0,0,0,0,0,0,3.782878670838653e-07,1.0,True,0.2,500,
5921,5921,"Conjunctivitis, infectious",phecode-369.5-both_sexes.tsv,0,0,0,0,0,0,6.381414490438723e-07,1.0,True,0.2,500,
5923,5923,Corneal ulcer,phecode-370.1-both_sexes.tsv,0,0,0,0,0,0,3.497223627813832e-07,1.0,True,0.2,500,
5925,5925,"Uveitis, noninfectious or NOS",phecode-371.1-both_sexes.tsv,3,1,0,5,5,0,3.8018286362376233e-07,1.0,True,0.2,500,
5926,5926,Inflammation of eyelids,phecode-371.3-both_sexes.tsv,6,3,3,10,11,2,3.726622806579773e-07,0.9090909090909092,True,0.2,500,
5929,5929,Ectropion or entropion,phecode-374.1-both_sexes.tsv,0,0,0,0,0,0,3.463685346162764e-07,1.0,True,0.2,500,
5930,5930,Ptosis of eyelid,phecode-374.3-both_sexes.tsv,0,0,0,0,0,0,4.02064737093374e-07,1.0,True,0.2,500,
5932,5932,Epiphora,phecode-375.2-both_sexes.tsv,0,0,0,0,0,0,3.1258125848511225e-07,1.0,True,0.2,500,
5935,5935,Optic neuritis/neuropathy,phecode-377.3-both_sexes.tsv,0,0,0,0,0,0,3.463567173500729e-07,1.0,True,0.2,500,
5937,5937,Strabismus (not specified as paralytic),phecode-378.1-both_sexes.tsv,0,0,0,0,0,0,4.151743080644254e-07,1.0,True,0.2,500,
5938,5938,Nystagmus and other irregular eye movements,phecode-378.2-both_sexes.tsv,0,0,0,0,0,0,3.4635676158157705e-07,1.0,True,0.2,500,
5939,5939,Paralytic strabismus,phecode-378.5-both_sexes.tsv,0,0,0,0,0,0,3.2300997590174576e-07,1.0,True,0.2,500,
5941,5941,Disorders of vitreous body,phecode-379.2-both_sexes.tsv,0,0,0,0,0,0,3.801825769051503e-07,1.0,True,0.2,500,
5942,5942,Aphakia and other disorders of lens,phecode-379.3-both_sexes.tsv,1,1,0,0,1,0,4.362247029729135e-07,0.0,True,0.2,500,
5943,5943,Anomalies of pupillary function,phecode-379.4-both_sexes.tsv,0,0,0,0,0,0,4.360591350814951e-07,1.0,True,0.2,500,
5944,5944,Disorders of iris and ciliary body,phecode-379.5-both_sexes.tsv,0,0,0,0,0,0,5.800880294602e-07,1.0,True,0.2,500,
5945,5945,"Pain, swelling or discharge of eye",phecode-379.9-both_sexes.tsv,0,0,0,0,0,0,3.5617085642445697e-07,1.0,True,0.2,500,
5947,5947,Otitis externa,phecode-380.1-both_sexes.tsv,0,0,0,0,0,0,4.979491402553798e-07,1.0,True,0.2,500,
5948,5948,Impacted cerumen,phecode-380.4-both_sexes.tsv,0,0,0,0,0,0,4.233616834233341e-07,1.0,True,0.2,500,
5950,5950,Otitis media,phecode-381.1-both_sexes.tsv,1,0,0,2,2,0,4.153353964093577e-07,1.0,True,0.2,500,
5951,5951,Suppurative and unspecified otitis media,phecode-381.11-both_sexes.tsv,0,0,0,0,0,0,4.80112269717097e-07,1.0,True,0.2,500,
5952,5952,Eustachian tube disorders,phecode-381.2-both_sexes.tsv,0,0,0,0,0,0,3.53863141840366e-07,1.0,True,0.2,500,
5953,5953,Mastoiditis & related conditions,phecode-381.3-both_sexes.tsv,0,0,0,0,1,0,3.998025634584633e-07,1.0,True,0.2,500,
5954,5954,Otorrhea,phecode-381.9-both_sexes.tsv,1,1,0,0,0,0,4.937484782540132e-07,1.0,True,0.2,500,
5958,5958,Perforation of tympanic membrane,phecode-384.4-both_sexes.tsv,2,0,0,0,1,0,4.603291975196876e-07,0.0,True,0.2,500,
5960,5960,Cholesteatoma,phecode-385.3-both_sexes.tsv,0,0,0,0,0,0,4.979490766648014e-07,1.0,True,0.2,500,
5961,5961,Tympanosclerosis and middle ear disease related to otitis media,phecode-385.5-both_sexes.tsv,0,0,0,0,0,0,4.986022285896211e-07,1.0,True,0.2,500,
5963,5963,Meniere's disease,phecode-386.1-both_sexes.tsv,0,0,0,0,0,0,4.3605927429885966e-07,1.0,True,0.2,500,
5964,5964,Peripheral or central vertigo,phecode-386.2-both_sexes.tsv,0,0,0,0,1,0,4.064124076358674e-07,1.0,True,0.2,500,
5965,5965,Labyrinthitis,phecode-386.3-both_sexes.tsv,0,0,0,0,0,0,3.52810981340624e-07,1.0,True,0.2,500,
5966,5966,Dizziness and giddiness (Light-headedness and vertigo),phecode-386.9-both_sexes.tsv,0,0,0,0,0,0,4.090867777887345e-07,1.0,True,0.2,500,
5969,5969,Sensorineural hearing loss,phecode-389.1-both_sexes.tsv,0,0,0,0,0,0,4.801121655542489e-07,1.0,True,0.2,500,
5970,5970,Conductive hearing loss,phecode-389.2-both_sexes.tsv,0,0,0,0,1,0,3.7574397435712885e-07,1.0,True,0.2,500,
5971,5971,Tinnitus,phecode-389.4-both_sexes.tsv,0,0,0,0,0,0,4.801123986116331e-07,1.0,True,0.2,500,
5973,5973,Mitral valve disease,phecode-394.2-both_sexes.tsv,0,0,0,0,0,0,3.3600381979263615e-07,1.0,True,0.2,500,
5974,5974,Aortic valve disease,phecode-394.3-both_sexes.tsv,0,0,0,0,0,0,3.524779997929392e-07,1.0,True,0.2,500,
5975,5975,Disease of tricuspid valve,phecode-394.7-both_sexes.tsv,0,0,0,0,0,0,4.147411676348583e-07,1.0,True,0.2,500,
5977,5977,Nonrheumatic mitral valve disorders,phecode-395.1-both_sexes.tsv,0,0,0,0,0,0,3.726575826607623e-07,1.0,True,0.2,500,
5978,5978,Nonrheumatic aortic valve disorders,phecode-395.2-both_sexes.tsv,2,0,1,1,4,0,3.889606772090328e-07,0.25,True,0.2,500,
5979,5979,Nonrheumatic tricuspid valve disorders,phecode-395.3-both_sexes.tsv,0,0,0,0,0,0,4.4823185473019014e-07,1.0,True,0.2,500,
5980,5980,Nonrheumatic pulmonary valve disorders,phecode-395.4-both_sexes.tsv,0,0,0,0,0,0,5.383949591040851e-07,1.0,True,0.2,500,
5984,5984,Essential hypertension,phecode-401.1-both_sexes.tsv,217,74,48,242,277,18,4.130619733659042e-07,0.8736462093862816,True,0.2,500,
5985,5985,Hypertensive heart and/or renal disease,phecode-401.2-both_sexes.tsv,0,0,0,0,0,0,2.9362778968056465e-07,1.0,True,0.2,500,
5986,5986,Hypertensive heart disease,phecode-401.21-both_sexes.tsv,0,0,0,0,0,0,3.902812209984459e-07,1.0,True,0.2,500,
5987,5987,Hypertensive chronic kidney disease,phecode-401.22-both_sexes.tsv,0,0,0,0,0,0,2.94717482906513e-07,1.0,True,0.2,500,
5988,5988,Other hypertensive complications,phecode-401.3-both_sexes.tsv,0,0,0,0,0,0,3.579442488482886e-07,1.0,True,0.2,500,
5991,5991,Unstable angina (intermediate coronary syndrome),phecode-411.1-both_sexes.tsv,8,5,1,7,8,1,4.852650002971827e-07,0.875,True,0.2,500,
5992,5992,Myocardial infarction,phecode-411.2-both_sexes.tsv,34,15,10,42,46,8,3.379651622096384e-07,0.9130434782608696,True,0.2,500,
5993,5993,Angina pectoris,phecode-411.3-both_sexes.tsv,36,17,12,41,46,9,3.900293595531144e-07,0.8913043478260869,True,0.2,500,
5994,5994,Coronary atherosclerosis,phecode-411.4-both_sexes.tsv,90,35,25,96,99,15,3.890071922399569e-07,0.9696969696969696,True,0.2,500,
5995,5995,Aneurysm and dissection of heart,phecode-411.41-both_sexes.tsv,0,0,0,0,0,0,4.252721181168047e-07,1.0,True,0.2,500,
5996,5996,"Other chronic ischemic heart disease, unspecified",phecode-411.8-both_sexes.tsv,80,39,22,93,97,14,4.262356327927346e-07,0.9587628865979382,True,0.2,500,
5997,5997,Other acute and subacute forms of ischemic heart disease,phecode-411.9-both_sexes.tsv,2,0,0,1,2,0,4.042525717385117e-07,0.5,True,0.2,500,
6000,6000,Acute pulmonary heart disease,phecode-415.1-both_sexes.tsv,14,8,3,20,21,1,4.451391790621097e-07,0.9523809523809524,True,0.2,500,
6001,6001,"Pulmonary embolism and infarction, acute",phecode-415.11-both_sexes.tsv,17,9,3,20,21,1,3.919198303694473e-07,0.9523809523809524,True,0.2,500,
6002,6002,Chronic pulmonary heart disease,phecode-415.2-both_sexes.tsv,0,0,0,0,0,0,3.582218752587549e-07,1.0,True,0.2,500,
6003,6003,Primary pulmonary hypertension,phecode-415.21-both_sexes.tsv,0,0,0,0,0,0,3.5344859104388684e-07,1.0,True,0.2,500,
6006,6006,Precordial pain,phecode-418.1-both_sexes.tsv,1,1,0,0,0,0,4.484695844458324e-07,1.0,True,0.2,500,
6008,6008,Myocarditis,phecode-420.1-both_sexes.tsv,0,0,0,0,0,0,4.252727015004082e-07,1.0,True,0.2,500,
6009,6009,Pericarditis,phecode-420.2-both_sexes.tsv,0,0,0,0,0,0,5.023831003820085e-07,1.0,True,0.2,500,
6010,6010,Acute pericarditis,phecode-420.21-both_sexes.tsv,0,0,0,0,0,0,3.951051724416314e-07,1.0,True,0.2,500,
6011,6011,Endocarditis,phecode-420.3-both_sexes.tsv,0,0,0,0,0,0,3.5181574668505146e-07,1.0,True,0.2,500,
6013,6013,Primary/intrinsic cardiomyopathies,phecode-425.1-both_sexes.tsv,0,0,0,0,0,0,3.3988613955717174e-07,1.0,True,0.2,500,
6014,6014,Hypertrophic obstructive cardiomyopathy,phecode-425.11-both_sexes.tsv,0,0,0,0,1,0,3.443243398927788e-07,1.0,True,0.2,500,
6015,6015,Other hypertrophic cardiomyopathy,phecode-425.12-both_sexes.tsv,0,0,0,0,0,0,4.151266075103562e-07,1.0,True,0.2,500,
6017,6017,Atrioventricular [AV] block,phecode-426.2-both_sexes.tsv,1,0,0,0,0,0,3.848758635652766e-07,1.0,True,0.2,500,
6018,6018,First degree AV block,phecode-426.21-both_sexes.tsv,3,0,0,1,1,0,4.252726474870704e-07,1.0,True,0.2,500,
6019,6019,Second degree AV block,phecode-426.23-both_sexes.tsv,2,2,0,0,0,0,4.264779616283053e-07,1.0,True,0.2,500,
6020,6020,"Atrioventricular block, complete",phecode-426.24-both_sexes.tsv,0,0,0,0,0,0,5.383951414342889e-07,1.0,True,0.2,500,
6021,6021,Other heart block,phecode-426.25-both_sexes.tsv,0,0,0,0,0,0,4.252433830984171e-07,1.0,True,0.2,500,
6022,6022,Bundle branch block,phecode-426.3-both_sexes.tsv,3,0,1,3,4,0,3.399390113041748e-07,0.75,True,0.2,500,
6023,6023,Right bundle branch block,phecode-426.31-both_sexes.tsv,1,0,0,0,0,0,3.7764875877814057e-07,1.0,True,0.2,500,
6024,6024,Left bundle branch block,phecode-426.32-both_sexes.tsv,0,0,0,0,1,0,3.71063161491471e-07,1.0,True,0.2,500,
6025,6025,Anomalous atrioventricular excitation,phecode-426.4-both_sexes.tsv,0,0,0,0,0,0,4.252726203322983e-07,1.0,True,0.2,500,
6026,6026,Other cardiac conduction disorders,phecode-426.8-both_sexes.tsv,0,0,0,0,0,0,3.654001256181749e-07,1.0,True,0.2,500,
6030,6030,"Paroxysmal tachycardia, unspecified",phecode-427.1-both_sexes.tsv,1,0,0,0,0,0,4.26268543683092e-07,1.0,True,0.2,500,
6031,6031,Paroxysmal supraventricular tachycardia,phecode-427.11-both_sexes.tsv,0,0,0,0,0,0,3.5798935346425614e-07,1.0,True,0.2,500,
6032,6032,Paroxysmal ventricular tachycardia,phecode-427.12-both_sexes.tsv,0,0,0,0,0,0,3.5794394146757096e-07,1.0,True,0.2,500,
6033,6033,Atrial fibrillation and flutter,phecode-427.2-both_sexes.tsv,71,21,16,102,112,8,4.574655807470394e-07,0.9107142857142856,True,0.2,500,
6034,6034,Other specified cardiac dysrhythmias,phecode-427.3-both_sexes.tsv,2,1,1,1,1,0,3.343254790595339e-07,1.0,True,0.2,500,
6035,6035,Cardiac arrest and ventricular fibrillation,phecode-427.4-both_sexes.tsv,0,0,0,0,0,0,3.483779587944838e-07,1.0,True,0.2,500,
6036,6036,Cardiac arrest,phecode-427.42-both_sexes.tsv,0,0,0,0,0,0,3.497294065276075e-07,1.0,True,0.2,500,
6037,6037,Arrhythmia (cardiac) NOS,phecode-427.5-both_sexes.tsv,0,0,0,0,0,0,4.2527270179661405e-07,1.0,True,0.2,500,
6038,6038,Premature beats,phecode-427.6-both_sexes.tsv,0,0,0,0,0,0,3.8895176432020026e-07,1.0,True,0.2,500,
6039,6039,Supraventricular premature beats,phecode-427.61-both_sexes.tsv,0,0,0,0,0,0,3.524775507760506e-07,1.0,True,0.2,500,
6040,6040,Tachycardia NOS,phecode-427.7-both_sexes.tsv,0,0,0,0,0,0,3.5798935346425614e-07,1.0,True,0.2,500,
6041,6041,Sinoatrial node dysfunction (Bradycardia),phecode-427.8-both_sexes.tsv,1,0,0,1,1,0,3.815717983527745e-07,1.0,True,0.2,500,
6042,6042,Palpitations,phecode-427.9-both_sexes.tsv,0,0,0,0,0,0,4.253024324781726e-07,1.0,True,0.2,500,
6044,6044,Congestive heart failure (CHF) NOS,phecode-428.1-both_sexes.tsv,0,0,0,0,0,0,3.38650452883958e-07,1.0,True,0.2,500,
6045,6045,Heart failure NOS,phecode-428.2-both_sexes.tsv,2,0,0,2,4,0,4.2530273048687494e-07,0.5,True,0.2,500,
6048,6048,Symptoms involving cardiovascular system,phecode-429.3-both_sexes.tsv,0,0,0,0,0,0,3.14870208515621e-07,1.0,True,0.2,500,
6050,6050,Subarachnoid hemorrhage,phecode-430.1-both_sexes.tsv,0,0,0,0,0,0,4.403339668900985e-07,1.0,True,0.2,500,
6051,6051,Intracerebral hemorrhage,phecode-430.2-both_sexes.tsv,1,0,0,0,0,0,2.872822283033592e-07,1.0,True,0.2,500,
6052,6052,Subdural hemorrhage,phecode-430.3-both_sexes.tsv,0,0,0,0,0,0,4.4033393877367414e-07,1.0,True,0.2,500,
6054,6054,Occlusion and stenosis of precerebral arteries,phecode-433.1-both_sexes.tsv,1,0,0,1,1,0,3.248384943646739e-07,1.0,True,0.2,500,
6055,6055,"Occlusion of cerebral arteries, with cerebral infarction",phecode-433.11-both_sexes.tsv,1,0,0,1,1,0,3.638471103123245e-07,1.0,True,0.2,500,
6056,6056,Cerebral atherosclerosis,phecode-433.12-both_sexes.tsv,0,0,0,0,0,0,4.4033393877367414e-07,1.0,True,0.2,500,
6057,6057,Occlusion of cerebral arteries,phecode-433.2-both_sexes.tsv,0,0,0,0,0,0,4.407633666385716e-07,1.0,True,0.2,500,
6058,6058,"Cerebral artery occlusion, with cerebral infarction",phecode-433.21-both_sexes.tsv,0,0,0,0,0,0,4.355849319966981e-07,1.0,True,0.2,500,
6059,6059,Cerebral ischemia,phecode-433.3-both_sexes.tsv,0,0,0,0,0,0,3.163302789677234e-07,1.0,True,0.2,500,
6060,6060,Transient cerebral ischemia,phecode-433.31-both_sexes.tsv,0,0,0,0,0,0,2.84789438456524e-07,1.0,True,0.2,500,
6061,6061,Cerebral aneurysm,phecode-433.5-both_sexes.tsv,0,0,0,0,1,0,4.743638004180026e-07,1.0,True,0.2,500,
6062,6062,Late effects of cerebrovascular disease,phecode-433.8-both_sexes.tsv,0,0,0,0,0,0,4.827665897047807e-07,1.0,True,0.2,500,
6064,6064,Atherosclerosis of renal artery,phecode-440.1-both_sexes.tsv,0,0,0,0,0,0,3.6135591828108033e-07,1.0,True,0.2,500,
6065,6065,Atherosclerosis of the extremities,phecode-440.2-both_sexes.tsv,1,0,1,1,2,0,4.312146358306253e-07,0.5,True,0.2,500,
6066,6066,Atherosclerosis of aorta,phecode-440.9-both_sexes.tsv,0,0,0,0,0,0,3.677627948415324e-07,1.0,True,0.2,500,
6068,6068,Acute vascular insufficiency of intestine,phecode-441.1-both_sexes.tsv,0,0,0,0,1,0,3.173422182992853e-07,1.0,True,0.2,500,
6070,6070,Aortic aneurysm,phecode-442.1-both_sexes.tsv,3,1,1,2,2,0,3.647238515141508e-07,1.0,True,0.2,500,
6071,6071,Abdominal aortic aneurysm,phecode-442.11-both_sexes.tsv,2,1,0,1,1,0,3.497152452749294e-07,1.0,True,0.2,500,
6072,6072,Aneurysm of iliac artery,phecode-442.2-both_sexes.tsv,0,0,0,0,0,0,3.668804858416442e-07,1.0,True,0.2,500,
6073,6073,Aneurysm of artery of lower extremity,phecode-442.3-both_sexes.tsv,0,0,0,0,0,0,4.2264730504113643e-07,1.0,True,0.2,500,
6074,6074,Aneurysm of other specified artery,phecode-442.8-both_sexes.tsv,0,0,0,0,0,0,3.086398004345884e-07,1.0,True,0.2,500,
6076,6076,Raynaud's syndrome,phecode-443.1-both_sexes.tsv,1,0,0,0,1,0,4.208311724465574e-07,0.0,True,0.2,500,
6077,6077,Peripheral angiopathy in diseases classified elsewhere,phecode-443.7-both_sexes.tsv,0,0,0,0,0,0,3.1161232928663214e-07,1.0,True,0.2,500,
6078,6078,"Peripheral vascular disease, unspecified",phecode-443.9-both_sexes.tsv,1,0,0,1,5,0,3.339953023204697e-07,0.2,True,0.2,500,
6080,6080,Arterial embolism and thrombosis of lower extremity artery,phecode-444.1-both_sexes.tsv,1,0,0,1,1,0,2.976695002235218e-07,1.0,True,0.2,500,
6082,6082,Wegener's granulomatosis,phecode-446.4-both_sexes.tsv,1,1,0,1,1,0,3.577975728110978e-07,1.0,True,0.2,500,
6083,6083,Giant cell arteritis,phecode-446.5-both_sexes.tsv,2,0,0,3,4,0,4.415053611268825e-07,0.75,True,0.2,500,
6084,6084,Arteritis NOS,phecode-446.9-both_sexes.tsv,0,0,0,0,0,0,3.038411916581755e-07,1.0,True,0.2,500,
6086,6086,Stricture of artery,phecode-447.1-both_sexes.tsv,2,1,1,1,2,0,3.633938035191541e-07,0.5,True,0.2,500,
6090,6090,Phlebitis and thrombophlebitis of lower extremities,phecode-451.2-both_sexes.tsv,17,8,1,27,28,1,3.586771589283035e-07,0.9642857142857144,True,0.2,500,
6093,6093,Varicose veins of lower extremity,phecode-454.1-both_sexes.tsv,56,14,18,60,64,6,3.5007408974027765e-07,0.9375,True,0.2,500,
6094,6094,"Varicose veins of lower extremity, symptomtic",phecode-454.11-both_sexes.tsv,0,0,0,0,0,0,4.733787093997253e-07,1.0,True,0.2,500,
6099,6099,Orthostatic hypotension,phecode-458.1-both_sexes.tsv,0,0,0,0,0,0,3.774509492023461e-07,1.0,True,0.2,500,
6100,6100,Iatrogenic hypotension,phecode-458.2-both_sexes.tsv,0,0,0,0,0,0,3.918255669948336e-07,1.0,True,0.2,500,
6101,6101,Hypotension NOS,phecode-458.9-both_sexes.tsv,0,0,0,0,0,0,4.262690057970841e-07,1.0,True,0.2,500,
6103,6103,Hemorrhage NOS,phecode-459.1-both_sexes.tsv,0,0,0,0,0,0,4.120408521014322e-07,1.0,True,0.2,500,
6104,6104,Circulatory disease NEC,phecode-459.9-both_sexes.tsv,11,5,3,13,15,2,3.18479305228847e-07,0.8666666666666667,True,0.2,500,
6107,6107,Acute pharyngitis,phecode-465.2-both_sexes.tsv,0,0,0,0,0,0,4.04980334148734e-07,1.0,True,0.2,500,
6108,6108,Acute laryngitis and tracheitis,phecode-465.4-both_sexes.tsv,0,0,0,0,0,0,5.269633224224348e-07,1.0,True,0.2,500,
6113,6113,Chronic laryngitis,phecode-473.1-both_sexes.tsv,1,0,0,0,1,0,3.690550297132456e-07,0.0,True,0.2,500,
6114,6114,Paralysis/spasm of vocal cords or larynx,phecode-473.3-both_sexes.tsv,0,0,0,0,0,0,4.2048699023495706e-07,1.0,True,0.2,500,
6115,6115,Voice disturbance,phecode-473.4-both_sexes.tsv,0,0,0,0,0,0,3.716020686794752e-07,1.0,True,0.2,500,
6117,6117,Acute tonsillitis,phecode-474.1-both_sexes.tsv,0,0,0,0,0,0,5.269628177036506e-07,1.0,True,0.2,500,
6118,6118,Chronic tonsillitis and adenoiditis,phecode-474.2-both_sexes.tsv,0,0,0,0,0,0,3.972227027229936e-07,1.0,True,0.2,500,
6125,6125,Bacterial pneumonia,phecode-480.1-both_sexes.tsv,1,1,0,1,1,0,4.284062316788848e-07,1.0,True,0.2,500,
6126,6126,Pneumococcal pneumonia,phecode-480.11-both_sexes.tsv,1,1,0,1,1,0,4.378037558517671e-07,1.0,True,0.2,500,
6127,6127,Pseudomonal pneumonia,phecode-480.12-both_sexes.tsv,0,0,0,0,0,0,3.9518719883561545e-07,1.0,True,0.2,500,
6128,6128,Viral pneumonia,phecode-480.2-both_sexes.tsv,0,0,0,0,0,0,4.377261663183923e-07,1.0,True,0.2,500,
6129,6129,Pneumonia due to fungus (mycoses),phecode-480.3-both_sexes.tsv,1,1,0,0,0,0,3.440516340667616e-07,1.0,True,0.2,500,
6130,6130,Bronchopneumonia and lung abscess,phecode-480.5-both_sexes.tsv,0,0,0,0,0,0,3.936427077327095e-07,1.0,True,0.2,500,
6134,6134,Asthma with exacerbation,phecode-495.2-both_sexes.tsv,0,0,0,0,0,0,4.3766277100555003e-07,1.0,True,0.2,500,
6136,6136,Emphysema,phecode-496.1-both_sexes.tsv,5,4,2,4,4,1,4.3310925280741333e-07,1.0,True,0.2,500,
6137,6137,Chronic bronchitis,phecode-496.2-both_sexes.tsv,10,8,0,5,6,0,5.271385523955414e-07,0.8333333333333334,True,0.2,500,
6138,6138,Obstructive chronic bronchitis,phecode-496.21-both_sexes.tsv,10,8,0,5,6,0,3.631062780513947e-07,0.8333333333333334,True,0.2,500,
6139,6139,Bronchiectasis,phecode-496.3-both_sexes.tsv,5,3,1,6,6,1,3.71482470347462e-07,1.0,True,0.2,500,
6142,6142,Extrinsic allergic alveolitis,phecode-500.1-both_sexes.tsv,0,0,0,0,0,0,3.377333995814636e-07,1.0,True,0.2,500,
6143,6143,Pneumoconiosis,phecode-500.2-both_sexes.tsv,0,0,0,0,0,0,3.951870979007568e-07,1.0,True,0.2,500,
6152,6152,Respiratory failure,phecode-509.1-both_sexes.tsv,0,0,0,0,0,0,3.517936402581429e-07,1.0,True,0.2,500,
6153,6153,Respiratory insufficiency,phecode-509.2-both_sexes.tsv,1,0,0,0,0,0,4.2219929524679284e-07,1.0,True,0.2,500,
6154,6154,Respiratory arrest,phecode-509.5-both_sexes.tsv,0,0,0,0,0,0,4.2048688283827933e-07,1.0,True,0.2,500,
6158,6158,Wheezing,phecode-512.1-both_sexes.tsv,1,0,0,0,0,0,3.83885672629153e-07,1.0,True,0.2,500,
6159,6159,Painful respiration,phecode-512.2-both_sexes.tsv,0,0,0,0,0,0,3.593571022101476e-07,1.0,True,0.2,500,
6160,6160,Shortness of breath,phecode-512.7-both_sexes.tsv,0,0,0,0,0,0,3.102745572442417e-07,1.0,True,0.2,500,
6161,6161,Cough,phecode-512.8-both_sexes.tsv,1,0,0,0,0,0,4.392475675397082e-07,1.0,True,0.2,500,
6162,6162,Other dyspnea,phecode-512.9-both_sexes.tsv,1,0,0,0,0,0,3.699251791274425e-07,1.0,True,0.2,500,
6164,6164,Hypoventilation,phecode-513.3-both_sexes.tsv,0,0,0,0,0,0,3.714063231466897e-07,1.0,True,0.2,500,
6165,6165,Hyperventilation,phecode-513.4-both_sexes.tsv,0,0,0,0,0,0,3.466748732488149e-07,1.0,True,0.2,500,
6166,6166,Disorders of diaphragm,phecode-513.8-both_sexes.tsv,0,0,0,0,0,0,3.3584640039817986e-07,1.0,True,0.2,500,
6169,6169,Hemoptysis,phecode-516.1-both_sexes.tsv,1,1,0,1,1,0,4.37202300464431e-07,1.0,True,0.2,500,
6171,6171,Respiratory complications,phecode-519.2-both_sexes.tsv,0,0,0,0,0,0,3.665414287004882e-07,1.0,True,0.2,500,
6172,6172,"Other diseases of respiratory system, NEC",phecode-519.8-both_sexes.tsv,1,1,0,2,3,0,3.95181955411874e-07,0.6666666666666666,True,0.2,500,
6173,6173,Symptoms involving respiratory system and other chest symptoms,phecode-519.9-both_sexes.tsv,0,0,0,0,0,0,5.078520586680676e-07,1.0,True,0.2,500,
6175,6175,Disturbances in tooth eruption,phecode-520.2-both_sexes.tsv,0,0,0,0,0,0,4.874400622177958e-07,1.0,True,0.2,500,
6177,6177,Dental caries,phecode-521.1-both_sexes.tsv,0,0,0,0,0,0,3.811501907286481e-07,1.0,True,0.2,500,
6179,6179,Periapical abscess,phecode-522.5-both_sexes.tsv,0,0,0,0,1,0,3.118826207794215e-07,1.0,True,0.2,500,
6181,6181,Gingivitis,phecode-523.1-both_sexes.tsv,0,0,0,0,0,0,4.6145993858237363e-07,1.0,True,0.2,500,
6182,6182,Periodontitis (acute or chronic),phecode-523.3-both_sexes.tsv,0,0,0,0,0,0,6.317771957978033e-07,1.0,True,0.2,500,
6183,6183,Acute periodontitis,phecode-523.31-both_sexes.tsv,0,0,0,0,0,0,4.434225987056134e-07,1.0,True,0.2,500,
6184,6184,Chronic periodontitis,phecode-523.32-both_sexes.tsv,0,0,0,0,1,0,6.317771957978033e-07,1.0,True,0.2,500,
6186,6186,Anomalies of tooth position/malocclusion,phecode-524.3-both_sexes.tsv,0,0,0,0,0,0,3.803202140912656e-07,1.0,True,0.2,500,
6189,6189,Cysts of the jaws,phecode-526.1-both_sexes.tsv,1,1,1,1,1,1,4.87473698168272e-07,1.0,True,0.2,500,
6190,6190,Temporomandibular joint disorders,phecode-526.4-both_sexes.tsv,0,0,0,0,0,0,2.586437503715888e-07,1.0,True,0.2,500,
6191,6191,"Temporomandibular joint disorder, unspecified",phecode-526.41-both_sexes.tsv,0,0,0,0,0,0,2.685233377832629e-07,1.0,True,0.2,500,
6192,6192,Inflammatory conditions of jaw,phecode-526.5-both_sexes.tsv,0,0,0,0,0,0,5.337957197051034e-07,1.0,True,0.2,500,
6193,6193,Jaw disease NOS,phecode-526.9-both_sexes.tsv,0,0,0,0,0,0,2.870947871018475e-07,1.0,True,0.2,500,
6195,6195,Sialoadenitis,phecode-527.2-both_sexes.tsv,0,0,0,0,0,0,3.4027909652787165e-07,1.0,True,0.2,500,
6196,6196,Other specified diseases of the salivary glands,phecode-527.8-both_sexes.tsv,0,0,0,0,0,0,3.3671803948229e-07,1.0,True,0.2,500,
6198,6198,Stomatitis and mucositis,phecode-528.1-both_sexes.tsv,0,0,0,0,0,0,3.4787340946630215e-07,1.0,True,0.2,500,
6199,6199,Stomatitis and mucositis (ulcerative),phecode-528.11-both_sexes.tsv,0,0,0,0,0,0,3.448407170956473e-07,1.0,True,0.2,500,
6200,6200,Cellulitis and abscess of oral soft tissues,phecode-528.3-both_sexes.tsv,0,0,0,0,0,0,3.732383222116301e-07,1.0,True,0.2,500,
6201,6201,Cysts of oral soft tissues,phecode-528.4-both_sexes.tsv,0,0,0,0,0,0,3.404553003886923e-07,1.0,True,0.2,500,
6202,6202,Cyst of the salivary gland,phecode-528.41-both_sexes.tsv,0,0,0,0,0,0,3.292688447073276e-07,1.0,True,0.2,500,
6203,6203,Diseases of lips,phecode-528.5-both_sexes.tsv,0,0,0,0,0,0,3.54360757818139e-07,1.0,True,0.2,500,
6204,6204,Leukoplakia of oral mucosa,phecode-528.6-both_sexes.tsv,0,0,0,0,0,0,4.0942645579442043e-07,1.0,True,0.2,500,
6205,6205,Sialolithiasis,phecode-528.7-both_sexes.tsv,0,0,0,0,0,0,3.511662125291721e-07,1.0,True,0.2,500,
6207,6207,Glossitis,phecode-529.1-both_sexes.tsv,0,0,0,0,1,0,3.367392820682188e-07,1.0,True,0.2,500,
6209,6209,"Esophagitis, GERD and related diseases",phecode-530.1-both_sexes.tsv,12,9,4,9,12,3,4.2533179735993285e-07,0.75,True,0.2,500,
6210,6210,GERD,phecode-530.11-both_sexes.tsv,4,3,0,1,1,0,4.912683633613138e-07,1.0,True,0.2,500,
6211,6211,Ulcer of esophagus,phecode-530.12-both_sexes.tsv,2,0,0,1,1,0,6.03327097942321e-07,1.0,True,0.2,500,
6212,6212,Reflux esophagitis,phecode-530.14-both_sexes.tsv,0,0,0,0,0,0,6.033268645369398e-07,1.0,True,0.2,500,
6213,6213,Esophageal bleeding (varices/hemorrhage),phecode-530.2-both_sexes.tsv,3,3,0,0,0,0,4.911427171842552e-07,1.0,True,0.2,500,
6214,6214,Stricture and stenosis of esophagus,phecode-530.3-both_sexes.tsv,0,0,0,0,0,0,4.912550194323852e-07,1.0,True,0.2,500,
6215,6215,Disorders of esophageal motility,phecode-530.5-both_sexes.tsv,0,0,0,0,0,0,4.911430196814119e-07,1.0,True,0.2,500,
6216,6216,"Diverticulum of esophagus, acquired",phecode-530.6-both_sexes.tsv,0,0,0,0,0,0,4.911429569598086e-07,1.0,True,0.2,500,
6217,6217,Gastroesophageal laceration-hemorrhage syndrome,phecode-530.7-both_sexes.tsv,0,0,0,0,0,0,4.032021786905201e-07,1.0,True,0.2,500,
6218,6218,Heartburn,phecode-530.9-both_sexes.tsv,1,0,0,0,0,0,4.260787744743749e-07,1.0,True,0.2,500,
6220,6220,Hemorrhage from gastrointestinal ulcer,phecode-531.1-both_sexes.tsv,0,0,0,0,0,0,3.500608428591227e-07,1.0,True,0.2,500,
6221,6221,Gastric ulcer,phecode-531.2-both_sexes.tsv,0,0,0,0,0,0,4.135092053141842e-07,1.0,True,0.2,500,
6222,6222,Duodenal ulcer,phecode-531.3-both_sexes.tsv,2,1,1,2,2,1,4.857182150169274e-07,1.0,True,0.2,500,
6223,6223,"Peptic ulcer, site unspecified",phecode-531.4-both_sexes.tsv,0,0,0,0,0,0,3.829056059242076e-07,1.0,True,0.2,500,
6226,6226,Acute gastritis,phecode-535.1-both_sexes.tsv,0,0,0,0,0,0,3.797729954503061e-07,1.0,True,0.2,500,
6227,6227,Atrophic gastritis,phecode-535.2-both_sexes.tsv,0,0,0,0,0,0,3.942467022454939e-07,1.0,True,0.2,500,
6228,6228,Duodenitis,phecode-535.6-both_sexes.tsv,4,2,0,1,1,0,4.85779566580336e-07,1.0,True,0.2,500,
6229,6229,Other specified gastritis,phecode-535.8-both_sexes.tsv,0,0,0,0,0,0,3.880010444453016e-07,1.0,True,0.2,500,
6234,6234,Appendicitis,phecode-540.1-both_sexes.tsv,2,0,0,4,4,0,3.716681079859849e-07,1.0,True,0.2,500,
6235,6235,Acute appendicitis,phecode-540.11-both_sexes.tsv,1,0,0,3,4,0,3.671357359733993e-07,0.75,True,0.2,500,
6237,6237,Inguinal hernia,phecode-550.1-both_sexes.tsv,51,17,6,54,59,2,3.629789685036456e-07,0.9152542372881356,True,0.2,500,
6238,6238,Diaphragmatic hernia,phecode-550.2-both_sexes.tsv,23,11,4,18,18,3,2.906410249286444e-07,1.0,True,0.2,500,
6239,6239,Femoral hernia,phecode-550.3-both_sexes.tsv,2,0,0,2,2,0,2.920855692168359e-07,1.0,True,0.2,500,
6240,6240,Umbilical hernia,phecode-550.4-both_sexes.tsv,7,0,1,9,9,0,2.795662541387012e-07,1.0,True,0.2,500,
6241,6241,Ventral hernia,phecode-550.5-both_sexes.tsv,4,0,2,3,3,0,3.0711835626740616e-07,1.0,True,0.2,500,
6243,6243,Regional enteritis,phecode-555.1-both_sexes.tsv,8,5,1,13,13,0,4.419405824699154e-07,1.0,True,0.2,500,
6244,6244,Ulcerative colitis,phecode-555.2-both_sexes.tsv,24,13,4,34,39,3,4.844147179328874e-07,0.8717948717948718,True,0.2,500,
6245,6245,Ulcerative colitis (chronic),phecode-555.21-both_sexes.tsv,0,0,0,0,0,0,4.844146154969205e-07,1.0,True,0.2,500,
6247,6247,Ulceration of intestine,phecode-556.1-both_sexes.tsv,0,0,0,0,0,0,5.230682314621963e-07,1.0,True,0.2,500,
6249,6249,Celiac disease,phecode-557.1-both_sexes.tsv,271,179,45,478,481,57,5.578325715523235e-07,0.9937629937629938,True,0.2,500,
6253,6253,Paralytic ileus,phecode-560.1-both_sexes.tsv,0,0,0,0,0,0,4.4975862031334273e-07,1.0,True,0.2,500,
6254,6254,Impaction of intestine,phecode-560.2-both_sexes.tsv,0,0,0,0,0,0,4.460559902249236e-07,1.0,True,0.2,500,
6255,6255,Peritoneal or intestinal adhesions,phecode-560.3-both_sexes.tsv,0,0,0,0,0,0,3.051256982804843e-07,1.0,True,0.2,500,
6256,6256,Other intestinal obstruction,phecode-560.4-both_sexes.tsv,1,0,0,0,0,0,3.525783765505447e-07,1.0,True,0.2,500,
6258,6258,Diarrhea,phecode-561.1-both_sexes.tsv,8,5,1,8,8,0,3.681667704966207e-07,1.0,True,0.2,500,
6259,6259,Flatulence,phecode-561.2-both_sexes.tsv,0,0,0,0,0,0,3.568856690671191e-07,1.0,True,0.2,500,
6261,6261,Diverticulosis,phecode-562.1-both_sexes.tsv,54,27,11,61,77,8,4.419318489695841e-07,0.7922077922077922,True,0.2,500,
6264,6264,Irritable Bowel Syndrome,phecode-564.1-both_sexes.tsv,1,0,0,0,0,0,3.7525666545259793e-07,1.0,True,0.2,500,
6268,6268,Anal and rectal polyp,phecode-565.1-both_sexes.tsv,9,2,3,8,9,1,3.6709520558912525e-07,0.8888888888888888,True,0.2,500,
6271,6271,Peritoneal adhesions (postoperative) (postinfection),phecode-568.1-both_sexes.tsv,1,1,1,1,1,1,2.764547319755965e-07,1.0,True,0.2,500,
6273,6273,Toxic gastroenteritis and colitis,phecode-569.1-both_sexes.tsv,0,0,0,0,0,0,3.629613612355282e-07,1.0,True,0.2,500,
6274,6274,Gastrointestinal complications,phecode-569.2-both_sexes.tsv,0,0,0,0,0,0,2.527356130781396e-07,1.0,True,0.2,500,
6276,6276,Other chronic nonalcoholic liver disease,phecode-571.5-both_sexes.tsv,4,2,1,4,4,0,3.704423097547874e-07,1.0,True,0.2,500,
6277,6277,Cirrhosis of liver without mention of alcohol,phecode-571.51-both_sexes.tsv,1,0,0,0,0,0,3.306869918888022e-07,1.0,True,0.2,500,
6278,6278,Primary biliary cirrhosis,phecode-571.6-both_sexes.tsv,3,1,1,2,2,0,2.905361213568919e-07,1.0,True,0.2,500,
6279,6279,Liver abscess and sequelae of chronic liver disease,phecode-571.8-both_sexes.tsv,1,1,1,1,1,1,2.791711186573616e-07,1.0,True,0.2,500,
6280,6280,Portal hypertension,phecode-571.81-both_sexes.tsv,1,1,1,1,1,1,2.920562626460414e-07,1.0,True,0.2,500,
6284,6284,Hepatomegaly,phecode-573.3-both_sexes.tsv,0,0,0,0,0,0,2.904712171424799e-07,1.0,True,0.2,500,
6285,6285,Jaundice (not of newborn),phecode-573.5-both_sexes.tsv,0,0,0,0,0,0,3.20003718816599e-07,1.0,True,0.2,500,
6287,6287,Abnormal serum enzyme levels,phecode-573.9-both_sexes.tsv,0,0,0,0,0,0,2.937081761902708e-07,1.0,True,0.2,500,
6289,6289,Cholelithiasis,phecode-574.1-both_sexes.tsv,44,21,17,54,57,10,3.190848564239442e-07,0.9473684210526316,True,0.2,500,
6290,6290,Cholelithiasis with acute cholecystitis,phecode-574.11-both_sexes.tsv,3,1,1,5,5,0,3.191298422474321e-07,1.0,True,0.2,500,
6291,6291,Cholelithiasis with other cholecystitis,phecode-574.12-both_sexes.tsv,15,8,11,20,20,7,3.198699579962206e-07,1.0,True,0.2,500,
6292,6292,Calculus of bile duct,phecode-574.2-both_sexes.tsv,3,0,1,7,7,0,3.191298422474321e-07,1.0,True,0.2,500,
6293,6293,Cholecystitis without cholelithiasis,phecode-574.3-both_sexes.tsv,4,0,2,5,6,0,3.313820183309426e-07,0.8333333333333334,True,0.2,500,
6295,6295,Cholangitis,phecode-575.1-both_sexes.tsv,0,0,0,0,0,0,3.200037596827155e-07,1.0,True,0.2,500,
6296,6296,Obstruction of bile duct,phecode-575.2-both_sexes.tsv,0,0,0,0,0,0,2.909641804388239e-07,1.0,True,0.2,500,
6297,6297,Cholesterolosis of gallbladder,phecode-575.6-both_sexes.tsv,3,1,1,2,3,1,3.009485567187416e-07,0.6666666666666666,True,0.2,500,
6298,6298,Other disorders of gallbladder,phecode-575.7-both_sexes.tsv,1,1,0,1,1,0,3.072651016455402e-07,1.0,True,0.2,500,
6299,6299,Other disorders of biliary tract,phecode-575.8-both_sexes.tsv,2,0,1,1,1,0,2.7456846117298894e-07,1.0,True,0.2,500,
6302,6302,Acute pancreatitis,phecode-577.1-both_sexes.tsv,2,1,0,1,1,0,5.127485697918056e-07,1.0,True,0.2,500,
6303,6303,Chronic pancreatitis,phecode-577.2-both_sexes.tsv,0,0,0,0,0,0,5.128574441315993e-07,1.0,True,0.2,500,
6304,6304,Cyst and pseudocyst of pancreas,phecode-577.3-both_sexes.tsv,0,0,0,0,0,0,4.815595902049159e-07,1.0,True,0.2,500,
6306,6306,Hematemesis,phecode-578.1-both_sexes.tsv,0,0,0,0,0,0,3.711065315777965e-07,1.0,True,0.2,500,
6307,6307,Blood in stool,phecode-578.2-both_sexes.tsv,0,0,0,0,0,0,3.229620644695504e-07,1.0,True,0.2,500,
6308,6308,Hemorrhage of rectum and anus,phecode-578.8-both_sexes.tsv,0,0,0,0,0,0,4.136911208433824e-07,1.0,True,0.2,500,
6309,6309,Hemorrhage of gastrointestinal tract,phecode-578.9-both_sexes.tsv,0,0,0,0,0,0,3.2999683288883017e-07,1.0,True,0.2,500,
6311,6311,Splenomegaly,phecode-579.2-both_sexes.tsv,0,0,0,0,0,0,2.726094332475989e-07,1.0,True,0.2,500,
6312,6312,Nonspecific abnormal findings in stool contents,phecode-579.8-both_sexes.tsv,0,0,0,0,0,0,3.265206694102057e-07,1.0,True,0.2,500,
6314,6314,Glomerulonephritis,phecode-580.1-both_sexes.tsv,0,0,0,0,0,0,3.759843576395391e-07,1.0,True,0.2,500,
6315,6315,Non-proliferative glomerulonephritis,phecode-580.12-both_sexes.tsv,5,4,1,6,6,1,4.133216242465189e-07,1.0,True,0.2,500,
6316,6316,"Chronic glomerulonephritis, NOS",phecode-580.14-both_sexes.tsv,0,0,0,0,0,0,4.519471922051133e-07,1.0,True,0.2,500,
6317,6317,Nephrotic syndrome without mention of glomerulonephritis,phecode-580.2-both_sexes.tsv,8,6,4,11,11,3,3.497806253482447e-07,1.0,True,0.2,500,
6318,6318,Nephritis and nephropathy without mention of glomerulonephritis,phecode-580.3-both_sexes.tsv,3,3,1,1,1,1,3.820692031135943e-07,1.0,True,0.2,500,
6319,6319,Nephritis and nephropathy in diseases classified elsewhere,phecode-580.31-both_sexes.tsv,1,1,1,1,1,1,3.1451555700150414e-07,1.0,True,0.2,500,
6320,6320,Nephritis and nephropathy with pathological lesion,phecode-580.32-both_sexes.tsv,0,0,0,0,0,0,3.49715289808179e-07,1.0,True,0.2,500,
6322,6322,Acute renal failure,phecode-585.1-both_sexes.tsv,0,0,0,0,0,0,3.3379495783436944e-07,1.0,True,0.2,500,
6323,6323,Renal failure NOS,phecode-585.2-both_sexes.tsv,0,0,0,0,0,0,3.337950786521637e-07,1.0,True,0.2,500,
6324,6324,Chronic renal failure [CKD],phecode-585.3-both_sexes.tsv,5,2,3,3,4,1,3.323808524573485e-07,0.75,True,0.2,500,
6327,6327,Anatomical abnormatilies of kidney and ureters,phecode-586.1-both_sexes.tsv,0,0,0,0,0,0,3.168007008779585e-07,1.0,True,0.2,500,
6328,6328,Small kidney,phecode-586.11-both_sexes.tsv,0,0,0,0,0,0,4.0459362853019697e-07,1.0,True,0.2,500,
6329,6329,"Cyst of kidney, acquired",phecode-586.2-both_sexes.tsv,0,0,0,0,0,0,4.519471922051133e-07,1.0,True,0.2,500,
6330,6330,Vascular disorders of kidney/hypertrophy,phecode-586.3-both_sexes.tsv,0,0,0,0,0,0,3.325595805367133e-07,1.0,True,0.2,500,
6331,6331,Stricture/obstruction of ureter,phecode-586.4-both_sexes.tsv,0,0,0,0,0,0,2.989868748866467e-07,1.0,True,0.2,500,
6338,6338,Cystitis,phecode-592.1-both_sexes.tsv,1,1,0,0,0,0,4.692996595471642e-07,1.0,True,0.2,500,
6339,6339,Acute cystitis,phecode-592.11-both_sexes.tsv,0,0,0,0,0,0,4.693959644242073e-07,1.0,True,0.2,500,
6340,6340,Chronic cystitis,phecode-592.12-both_sexes.tsv,0,0,0,0,1,0,4.693957429922061e-07,1.0,True,0.2,500,
6341,6341,Chronic interstitial cystitis,phecode-592.13-both_sexes.tsv,0,0,0,0,0,0,4.693959644242073e-07,1.0,True,0.2,500,
6342,6342,Urethritis and urethral syndrome,phecode-592.2-both_sexes.tsv,0,0,0,0,0,0,4.693957130200322e-07,1.0,True,0.2,500,
6346,6346,Calculus of kidney,phecode-594.1-both_sexes.tsv,10,4,2,6,6,0,3.059194752689145e-07,1.0,True,0.2,500,
6347,6347,Calculus of lower urinary tract,phecode-594.2-both_sexes.tsv,0,0,0,0,0,0,3.528725340072444e-07,1.0,True,0.2,500,
6348,6348,Calculus of ureter,phecode-594.3-both_sexes.tsv,3,1,1,1,3,0,3.404704988848824e-07,0.3333333333333333,True,0.2,500,
6349,6349,Renal colic,phecode-594.8-both_sexes.tsv,0,0,0,0,0,0,3.909178590534728e-07,1.0,True,0.2,500,
6352,6352,Bladder neck obstruction,phecode-596.1-both_sexes.tsv,1,1,0,1,1,0,3.366919734379945e-07,1.0,True,0.2,500,
6353,6353,Functional disorders of bladder,phecode-596.5-both_sexes.tsv,0,0,0,0,0,0,4.693964207251464e-07,1.0,True,0.2,500,
6355,6355,Urethral stricture (not specified as infectious),phecode-597.1-both_sexes.tsv,2,1,0,0,0,0,3.536045825707892e-07,1.0,True,0.2,500,
6356,6356,Urinary complications NEC,phecode-597.2-both_sexes.tsv,0,0,0,0,0,0,3.251574423853721e-07,1.0,True,0.2,500,
6358,6358,Other nonspecific findings on examination of urine,phecode-598.9-both_sexes.tsv,0,0,0,0,0,0,3.050553833435855e-07,1.0,True,0.2,500,
6360,6360,Urinary obstruction,phecode-599.1-both_sexes.tsv,0,0,0,0,0,0,3.0497818852967544e-07,1.0,True,0.2,500,
6361,6361,Retention of urine,phecode-599.2-both_sexes.tsv,2,0,2,2,3,0,3.074269590318137e-07,0.6666666666666666,True,0.2,500,
6362,6362,Dysuria,phecode-599.3-both_sexes.tsv,0,0,0,0,0,0,3.361355093389671e-07,1.0,True,0.2,500,
6363,6363,Urinary incontinence,phecode-599.4-both_sexes.tsv,0,0,0,0,0,0,3.975303762779838e-07,1.0,True,0.2,500,
6364,6364,Frequency of urination and polyuria,phecode-599.5-both_sexes.tsv,0,0,0,0,0,0,3.333547331051636e-07,1.0,True,0.2,500,
6365,6365,Oliguria and anuria,phecode-599.6-both_sexes.tsv,0,0,0,0,0,0,3.5608412291025106e-07,1.0,True,0.2,500,
6366,6366,Other abnormality of urination,phecode-599.9-both_sexes.tsv,0,0,0,0,0,0,3.366918172253236e-07,1.0,True,0.2,500,
6369,6369,Prostatitis,phecode-601.1-males.tsv,1,0,1,1,1,0,4.602123757516621e-07,1.0,True,0.2,500,
6370,6370,Acute prostatitis,phecode-601.11-males.tsv,0,0,0,0,0,0,3.279972986911137e-07,1.0,True,0.2,500,
6371,6371,Chronic prostatitis,phecode-601.12-males.tsv,0,0,0,0,1,0,3.065350713886079e-07,1.0,True,0.2,500,
6372,6372,Orchitis and epididymitis,phecode-601.3-males.tsv,1,0,0,1,1,0,4.443272228266329e-07,1.0,True,0.2,500,
6373,6373,Balanoposthitis,phecode-601.4-males.tsv,0,0,0,0,0,0,2.901266972014704e-07,1.0,True,0.2,500,
6374,6374,Other inflammatory disorders of male genital organs,phecode-601.8-males.tsv,0,0,0,0,0,0,2.532840553304291e-07,1.0,True,0.2,500,
6377,6377,Hydrocele,phecode-603.1-males.tsv,3,2,2,4,4,2,4.731634795410345e-07,1.0,True,0.2,500,
6379,6379,Redundant prepuce and phimosis/BXO,phecode-604.1-males.tsv,8,7,2,15,15,3,3.556876954241086e-07,1.0,True,0.2,500,
6383,6383,Abnormal spermatozoa,phecode-609.2-males.tsv,0,0,0,0,0,0,3.3313614868056125e-07,1.0,True,0.2,500,
6385,6385,Cystic mastopathy,phecode-610.1-females.tsv,0,0,0,0,0,0,3.3665560665870665e-07,1.0,True,0.2,500,
6386,6386,Fibroadenosis of breast,phecode-610.2-females.tsv,0,0,0,0,0,0,4.448733631698952e-07,1.0,True,0.2,500,
6387,6387,Fibrosclerosis of breast,phecode-610.3-females.tsv,0,0,0,0,0,0,4.448733347613369e-07,1.0,True,0.2,500,
6388,6388,Benign neoplasm of breast,phecode-610.4-females.tsv,3,0,0,2,2,0,4.022247372476752e-07,1.0,True,0.2,500,
6389,6389,Other specified benign mammary dysplasias,phecode-610.8-females.tsv,2,1,0,0,0,0,5.101571463847992e-07,1.0,True,0.2,500,
6391,6391,Lump or mass in breast,phecode-611.3-both_sexes.tsv,1,0,0,0,0,0,3.164969975292315e-07,1.0,True,0.2,500,
6393,6393,Hypertrophy of breast (Gynecomastia),phecode-612.2-both_sexes.tsv,0,0,0,0,0,0,2.648074733410189e-07,1.0,True,0.2,500,
6395,6395,Inflammatory disease of breast,phecode-613.1-both_sexes.tsv,0,0,0,0,0,0,4.448904526827063e-07,1.0,True,0.2,500,
6396,6396,Other signs and symptoms in breast,phecode-613.7-both_sexes.tsv,1,0,0,0,0,0,4.583640887887804e-07,1.0,True,0.2,500,
6397,6397,Other specified disorders of breast,phecode-613.8-both_sexes.tsv,0,0,0,0,0,0,4.257212151393881e-07,1.0,True,0.2,500,
6399,6399,"Pelvic peritoneal adhesions, female (postoperative) (postinfection)",phecode-614.1-females.tsv,0,0,0,0,0,0,2.669567976943879e-07,1.0,True,0.2,500,
6400,6400,Pelvic inflammatory disease (PID),phecode-614.3-females.tsv,0,0,0,0,0,0,2.91281969725716e-07,1.0,True,0.2,500,
6401,6401,Chronic inflammatory pelvic disease,phecode-614.32-females.tsv,0,0,0,0,0,0,2.98937406151606e-07,1.0,True,0.2,500,
6402,6402,"Pelvic inflammatory disease, NOS",phecode-614.33-females.tsv,0,0,0,0,0,0,4.1890626889243894e-07,1.0,True,0.2,500,
6403,6403,"Inflammatory diseases of uterus, except cervix",phecode-614.4-females.tsv,0,0,0,0,0,0,5.281374911133085e-07,1.0,True,0.2,500,
6404,6404,"Inflammatory disease of cervix, vagina, and vulva",phecode-614.5-females.tsv,0,0,0,0,0,0,3.319044323088646e-07,1.0,True,0.2,500,
6405,6405,Cervicitis and endocervicitis,phecode-614.51-females.tsv,0,0,0,0,0,0,3.9720132766931446e-07,1.0,True,0.2,500,
6406,6406,Vaginitis and vulvovaginitis,phecode-614.52-females.tsv,0,0,0,0,0,0,5.34285744504021e-07,1.0,True,0.2,500,
6407,6407,Cyst or abscess of Bartholin's gland,phecode-614.53-females.tsv,0,0,0,0,0,0,3.236764978223414e-07,1.0,True,0.2,500,
6408,6408,Abscess or ulceration of vulva,phecode-614.54-females.tsv,0,0,0,0,0,0,3.7678989057101334e-07,1.0,True,0.2,500,
6412,6412,Prolapse of vaginal walls,phecode-618.1-females.tsv,14,4,2,15,19,1,3.554553833654773e-07,0.7894736842105263,True,0.2,500,
6413,6413,Uterine/Uterovaginal prolapse,phecode-618.2-females.tsv,5,1,1,5,7,1,4.188317002629367e-07,0.7142857142857143,True,0.2,500,
6414,6414,Prolapse of vaginal vault after hysterectomy,phecode-618.5-females.tsv,1,0,0,0,0,0,3.554771270138316e-07,1.0,True,0.2,500,
6415,6415,"Vaginal enterocele, congenital or acquired",phecode-618.6-females.tsv,0,0,0,0,0,0,4.189158729802057e-07,1.0,True,0.2,500,
6417,6417,"Noninflammatory disorders of ovary, fallopian tube, and broad ligament",phecode-619.1-females.tsv,0,0,0,0,0,0,4.709268431184582e-07,1.0,True,0.2,500,
6418,6418,"Disorders of uterus, NEC",phecode-619.2-females.tsv,1,1,0,0,0,0,5.280673956149946e-07,1.0,True,0.2,500,
6419,6419,Noninflammatory disorders of cervix,phecode-619.3-females.tsv,0,0,0,0,0,0,3.959638298957643e-07,1.0,True,0.2,500,
6420,6420,Noninflammatory disorders of vagina,phecode-619.4-females.tsv,0,0,0,0,0,0,5.342856821176417e-07,1.0,True,0.2,500,
6421,6421,Noninflammatory disorders of vulva and perineum,phecode-619.5-females.tsv,0,0,0,0,0,0,3.767974784052357e-07,1.0,True,0.2,500,
6424,6424,Polyp of corpus uteri,phecode-622.1-females.tsv,2,0,0,1,1,0,3.656385608989372e-07,1.0,True,0.2,500,
6425,6425,Mucous polyp of cervix,phecode-622.2-females.tsv,0,0,0,0,0,0,4.116088514391463e-07,1.0,True,0.2,500,
6428,6428,Dystrophy of female genital tract,phecode-624.1-females.tsv,0,0,0,0,0,0,4.189074733324559e-07,1.0,True,0.2,500,
6429,6429,Atrophy of female genital tract,phecode-624.2-females.tsv,0,0,0,0,0,0,4.189159460113037e-07,1.0,True,0.2,500,
6430,6430,"stress incontinence, female",phecode-624.9-females.tsv,0,0,0,0,1,0,3.5545535781481925e-07,1.0,True,0.2,500,
6432,6432,Dyspareunia,phecode-625.1-females.tsv,0,0,0,0,0,0,2.5010813937665976e-07,1.0,True,0.2,500,
6434,6434,Irregular menstrual cycle/bleeding,phecode-626.1-females.tsv,3,1,0,3,4,0,3.4265582892558734e-07,0.75,True,0.2,500,
6435,6435,Absent or infrequent menstruation,phecode-626.11-females.tsv,0,0,0,0,0,0,4.1890289444117493e-07,1.0,True,0.2,500,
6436,6436,Excessive or frequent menstruation,phecode-626.12-females.tsv,1,0,0,1,1,0,3.887683348109047e-07,1.0,True,0.2,500,
6437,6437,Irregular menstrual cycle,phecode-626.13-females.tsv,0,0,0,0,0,0,3.888071052378063e-07,1.0,True,0.2,500,
6438,6438,Irregular menstrual bleeding,phecode-626.14-females.tsv,0,0,0,0,0,0,5.280637873968971e-07,1.0,True,0.2,500,
6439,6439,Dysmenorrhea,phecode-626.2-females.tsv,0,0,0,0,0,0,4.1882740122079046e-07,1.0,True,0.2,500,
6440,6440,Premenstrual tension syndromes,phecode-626.4-females.tsv,0,0,0,0,0,0,3.42711586877508e-07,1.0,True,0.2,500,
6441,6441,"Infertility, female",phecode-626.8-females.tsv,0,0,0,0,0,0,3.4271232777181293e-07,1.0,True,0.2,500,
6443,6443,Postmenopausal bleeding,phecode-627.1-females.tsv,0,0,0,0,0,0,2.789471606954026e-07,1.0,True,0.2,500,
6444,6444,Symptomatic menopause,phecode-627.2-females.tsv,0,0,0,0,0,0,4.189029746937028e-07,1.0,True,0.2,500,
6445,6445,Postmenopausal atrophic vaginitis,phecode-627.3-females.tsv,1,0,0,0,0,0,5.342814612330792e-07,1.0,True,0.2,500,
6446,6446,Premenopausal menorrhagia,phecode-627.4-females.tsv,0,0,0,0,0,0,4.1890289444117493e-07,1.0,True,0.2,500,
6449,6449,Missed abortion/Hydatidiform mole,phecode-634.1-females.tsv,0,0,0,0,0,0,3.2299211117289577e-07,1.0,True,0.2,500,
6450,6450,Ectopic pregnancy,phecode-634.3-females.tsv,0,0,0,0,0,0,2.849817471756348e-07,1.0,True,0.2,500,
6452,6452,"Antepartum hemorrhage, abruptio placentae, and placenta previa",phecode-635.2-females.tsv,0,0,0,0,0,0,3.543331904828061e-07,1.0,True,0.2,500,
6453,6453,Placenta previa and abruptio placenta,phecode-635.3-females.tsv,0,0,0,0,0,0,3.436754618096635e-07,1.0,True,0.2,500,
6455,6455,Early onset of delivery,phecode-636.2-females.tsv,0,0,0,0,0,0,3.279508086174342e-07,1.0,True,0.2,500,
6456,6456,Hemorrhage in early pregnancy,phecode-636.3-females.tsv,0,0,0,0,0,0,3.024633757789552e-07,1.0,True,0.2,500,
6458,6458,Preeclampsia and eclampsia,phecode-642.1-females.tsv,1,0,0,1,1,0,2.912793158966896e-07,1.0,True,0.2,500,
6460,6460,Hyperemesis gravidarum,phecode-643.1-females.tsv,1,0,0,0,0,0,3.28755114508304e-07,1.0,True,0.2,500,
6464,6464,Infections of genitourinary tract during pregnancy,phecode-647.1-females.tsv,0,0,0,0,1,0,2.652429246209776e-07,1.0,True,0.2,500,
6466,6466,Diabetes or abnormal glucose tolerance complicating pregnancy,phecode-649.1-females.tsv,0,0,0,0,0,0,3.160896829597048e-07,1.0,True,0.2,500,
6471,6471,"Abnormality of organs and soft tissues of pelvis complicating pregnancy, childbirth, or the puerperium",phecode-654.1-females.tsv,0,0,0,0,0,0,3.351246678182159e-07,1.0,True,0.2,500,
6472,6472,Rhesus isoimmunization in pregnancy,phecode-654.2-females.tsv,6,2,1,13,14,0,3.14131733427908e-07,0.9285714285714286,True,0.2,500,
6482,6482,Cellulitis and abscess of fingers/toes,phecode-681.1-both_sexes.tsv,0,0,0,0,0,0,3.918458543713126e-07,1.0,True,0.2,500,
6483,6483,Cellulitis and abscess of face/neck,phecode-681.2-both_sexes.tsv,1,1,1,1,1,1,4.050310994328394e-07,1.0,True,0.2,500,
6484,6484,Cellulitis and abscess of arm/hand,phecode-681.3-both_sexes.tsv,2,0,1,1,1,0,3.607232545650087e-07,1.0,True,0.2,500,
6485,6485,Cellulitis and abscess of trunk,phecode-681.7-both_sexes.tsv,0,0,0,0,1,0,4.939206765309559e-07,1.0,True,0.2,500,
6487,6487,Carbuncle and furuncle,phecode-686.1-both_sexes.tsv,1,0,0,0,0,0,4.050304124086969e-07,1.0,True,0.2,500,
6488,6488,Pilonidal cyst,phecode-686.3-both_sexes.tsv,0,0,0,0,0,0,3.9755547759547414e-07,1.0,True,0.2,500,
6489,6489,Pyogenic granuloma,phecode-686.4-both_sexes.tsv,0,0,0,0,0,0,3.25108175232667e-07,1.0,True,0.2,500,
6491,6491,Rash and other nonspecific skin eruption,phecode-687.1-both_sexes.tsv,0,0,0,0,0,0,3.343146157609436e-07,1.0,True,0.2,500,
6492,6492,"Localized superficial swelling, mass, or lump",phecode-687.2-both_sexes.tsv,0,0,0,0,0,0,4.049975387180569e-07,1.0,True,0.2,500,
6493,6493,Changes in skin texture,phecode-687.3-both_sexes.tsv,0,0,0,0,0,0,4.505818833021338e-07,1.0,True,0.2,500,
6494,6494,Disturbance of skin sensation,phecode-687.4-both_sexes.tsv,0,0,0,0,0,0,4.504860688976808e-07,1.0,True,0.2,500,
6498,6498,Other dyschromia,phecode-694.2-both_sexes.tsv,0,0,0,0,0,0,4.025471546316178e-07,1.0,True,0.2,500,
6499,6499,Vascular disorders of skin,phecode-694.3-both_sexes.tsv,0,0,0,0,0,0,3.122294299797524e-07,1.0,True,0.2,500,
6501,6501,Toxic erythema,phecode-695.1-both_sexes.tsv,0,0,0,0,0,0,3.467584545833365e-07,1.0,True,0.2,500,
6502,6502,Bullous dermatoses,phecode-695.2-both_sexes.tsv,0,0,0,0,0,0,3.467584545833365e-07,1.0,True,0.2,500,
6503,6503,Pemphigus and pemphigoid,phecode-695.22-both_sexes.tsv,0,0,0,0,0,0,4.233615212271546e-07,1.0,True,0.2,500,
6504,6504,Rosacea,phecode-695.3-both_sexes.tsv,0,0,0,0,0,0,3.467584545833365e-07,1.0,True,0.2,500,
6505,6505,Lupus (localized and systemic),phecode-695.4-both_sexes.tsv,21,10,2,27,27,2,3.805507200314139e-07,1.0,True,0.2,500,
6506,6506,Cutaneous lupus erythematosus,phecode-695.41-both_sexes.tsv,0,0,0,0,0,0,3.6078294047344155e-07,1.0,True,0.2,500,
6507,6507,Systemic lupus erythematosus,phecode-695.42-both_sexes.tsv,19,8,2,21,21,1,4.099263859049581e-07,1.0,True,0.2,500,
6508,6508,Prurigo and Lichen,phecode-695.7-both_sexes.tsv,4,3,0,3,3,0,3.467585431489413e-07,1.0,True,0.2,500,
6509,6509,Other specified erythematous conditions,phecode-695.8-both_sexes.tsv,0,0,0,0,0,0,3.467584988661388e-07,1.0,True,0.2,500,
6510,6510,Unspecified erythematous condition,phecode-695.9-both_sexes.tsv,0,0,0,0,0,0,3.467584988661388e-07,1.0,True,0.2,500,
6512,6512,Psoriasis,phecode-696.4-both_sexes.tsv,117,80,32,189,191,32,4.049974121660222e-07,0.9895287958115184,True,0.2,500,
6513,6513,Psoriasis vulgaris,phecode-696.41-both_sexes.tsv,10,4,1,14,14,2,4.050311950749954e-07,1.0,True,0.2,500,
6514,6514,Psoriatic arthropathy,phecode-696.42-both_sexes.tsv,44,31,7,66,66,12,3.3339612640076293e-07,1.0,True,0.2,500,
6519,6519,Scar conditions and fibrosis of skin,phecode-701.2-both_sexes.tsv,0,0,0,0,0,0,3.467587852690535e-07,1.0,True,0.2,500,
6520,6520,Keloid scar,phecode-701.4-both_sexes.tsv,0,0,0,0,0,0,3.4675880741046457e-07,1.0,True,0.2,500,
6521,6521,Abnormal granulation tissue,phecode-701.5-both_sexes.tsv,0,0,0,0,0,0,4.505870167534115e-07,1.0,True,0.2,500,
6522,6522,Acquired acanthosis nigricans,phecode-701.6-both_sexes.tsv,0,0,0,0,0,0,3.467587409862316e-07,1.0,True,0.2,500,
6524,6524,Actinic keratosis,phecode-702.1-both_sexes.tsv,5,2,2,7,7,1,4.0503160887138073e-07,1.0,True,0.2,500,
6525,6525,Seborrheic keratosis,phecode-702.2-both_sexes.tsv,3,1,0,3,4,0,3.467587409862316e-07,0.75,True,0.2,500,
6527,6527,Ingrowing nail,phecode-703.1-both_sexes.tsv,1,0,0,0,0,0,4.3274933724309706e-07,1.0,True,0.2,500,
6529,6529,Alopecia,phecode-704.1-both_sexes.tsv,0,0,0,0,0,0,4.939211849754917e-07,1.0,True,0.2,500,
6531,6531,Hidradenitis,phecode-705.3-both_sexes.tsv,0,0,0,0,0,0,4.2336181681543684e-07,1.0,True,0.2,500,
6532,6532,Hyperhidrosis,phecode-705.8-both_sexes.tsv,0,0,0,0,0,0,4.050314304379468e-07,1.0,True,0.2,500,
6534,6534,Sebaceous cyst,phecode-706.2-both_sexes.tsv,21,12,5,35,36,4,4.0499761619807613e-07,0.9722222222222222,True,0.2,500,
6536,6536,Decubitus ulcer,phecode-707.1-both_sexes.tsv,0,0,0,0,0,0,4.138886627842444e-07,1.0,True,0.2,500,
6538,6538,Sicca syndrome,phecode-709.2-both_sexes.tsv,22,16,7,32,32,6,4.233615212271546e-07,1.0,True,0.2,500,
6539,6539,Systemic sclerosis,phecode-709.3-both_sexes.tsv,0,0,0,0,0,0,4.0503121833489453e-07,1.0,True,0.2,500,
6540,6540,Unspecified diffuse connective tissue disease,phecode-709.7-both_sexes.tsv,0,0,0,0,0,0,4.050311407481124e-07,1.0,True,0.2,500,
6542,6542,Osteomyelitis,phecode-710.1-both_sexes.tsv,0,0,0,0,0,0,3.7265331578215996e-07,1.0,True,0.2,500,
6543,6543,Chronic osteomyelitis,phecode-710.12-both_sexes.tsv,0,0,0,0,0,0,4.890504413973576e-07,1.0,True,0.2,500,
6544,6544,Unspecified osteomyelitis,phecode-710.19-both_sexes.tsv,0,0,0,0,0,0,2.492548936596888e-07,1.0,True,0.2,500,
6546,6546,Pyogenic arthritis,phecode-711.1-both_sexes.tsv,0,0,0,0,0,0,3.726533395771347e-07,1.0,True,0.2,500,
6550,6550,Rheumatoid arthritis,phecode-714.1-both_sexes.tsv,79,51,13,140,143,9,3.143579568098187e-07,0.9790209790209792,True,0.2,500,
6552,6552,Sacroiliitis NEC,phecode-715.1-both_sexes.tsv,0,0,0,0,0,0,3.375376634236968e-07,1.0,True,0.2,500,
6553,6553,Ankylosing spondylitis,phecode-715.2-both_sexes.tsv,52,37,16,97,97,17,3.586091078995612e-07,1.0,True,0.2,500,
6555,6555,Unspecified monoarthritis,phecode-716.2-both_sexes.tsv,11,3,1,7,9,1,3.0936641030241254e-07,0.7777777777777778,True,0.2,500,
6556,6556,Arthropathy NOS,phecode-716.9-both_sexes.tsv,16,7,4,16,20,2,4.014667904278819e-07,0.8,True,0.2,500,
6560,6560,Spondylosis without myelopathy,phecode-721.1-both_sexes.tsv,1,1,0,0,0,0,3.373402505051061e-07,1.0,True,0.2,500,
6561,6561,Spondylosis with myelopathy,phecode-721.2-both_sexes.tsv,0,0,0,0,0,0,3.37538175186226e-07,1.0,True,0.2,500,
6562,6562,Other allied disorders of spine,phecode-721.8-both_sexes.tsv,0,0,0,0,0,0,3.37538175186226e-07,1.0,True,0.2,500,
6564,6564,Displacement of intervertebral disc,phecode-722.1-both_sexes.tsv,1,0,0,0,0,0,3.37538175186226e-07,1.0,True,0.2,500,
6565,6565,Degeneration of intervertebral disc,phecode-722.6-both_sexes.tsv,0,0,0,0,0,0,3.143585151364255e-07,1.0,True,0.2,500,
6566,6566,Intervertebral disc disorder with myelopathy,phecode-722.7-both_sexes.tsv,0,0,0,0,0,0,3.174960325859106e-07,1.0,True,0.2,500,
6567,6567,Other and unspecified disc disorder,phecode-722.9-both_sexes.tsv,0,0,0,0,0,0,3.175339578169801e-07,1.0,True,0.2,500,
6569,6569,Torticollis,phecode-723.1-both_sexes.tsv,0,0,0,0,0,0,3.931241634762038e-07,1.0,True,0.2,500,
6572,6572,Enthesopathy,phecode-726.1-both_sexes.tsv,1,0,0,0,0,0,3.024051534153101e-07,1.0,True,0.2,500,
6573,6573,Synoviopathy,phecode-726.2-both_sexes.tsv,0,0,0,0,0,0,3.090520621646977e-07,1.0,True,0.2,500,
6574,6574,Bursitis,phecode-726.3-both_sexes.tsv,1,0,0,0,0,0,4.062199408089103e-07,1.0,True,0.2,500,
6576,6576,Synovitis and tenosynovitis,phecode-727.1-both_sexes.tsv,1,0,0,1,1,0,3.0926445811418134e-07,1.0,True,0.2,500,
6577,6577,Bursitis disorders,phecode-727.2-both_sexes.tsv,0,0,0,0,0,0,3.3876373676291304e-07,1.0,True,0.2,500,
6578,6578,"Ganglion and cyst of synovium, tendon, and bursa",phecode-727.4-both_sexes.tsv,1,0,0,2,2,0,3.090888161784996e-07,1.0,True,0.2,500,
6579,6579,Rupture of synovium,phecode-727.5-both_sexes.tsv,0,0,0,0,0,0,3.3876373676291304e-07,1.0,True,0.2,500,
6580,6580,"Rupture of tendon, nontraumatic",phecode-727.6-both_sexes.tsv,1,1,0,0,0,0,3.9312429337687045e-07,1.0,True,0.2,500,
6581,6581,Contracture of tendon (sheath),phecode-727.7-both_sexes.tsv,1,1,0,0,1,0,3.387637583939073e-07,0.0,True,0.2,500,
6583,6583,Laxity of ligament or hypermobility syndrome,phecode-728.2-both_sexes.tsv,0,0,0,0,0,0,3.1411666637918e-07,1.0,True,0.2,500,
6584,6584,Fasciitis,phecode-728.7-both_sexes.tsv,81,14,26,95,99,2,3.315625976520323e-07,0.9595959595959596,True,0.2,500,
6585,6585,Contracture of palmar fascia [Dupuytren's disease],phecode-728.71-both_sexes.tsv,86,15,25,100,105,4,3.251803011143848e-07,0.9523809523809524,True,0.2,500,
6587,6587,"Rheumatism, unspecified and fibrositis",phecode-729.1-both_sexes.tsv,0,0,0,0,0,0,3.314527829236503e-07,1.0,True,0.2,500,
6588,6588,Panniculitis,phecode-729.3-both_sexes.tsv,0,0,0,0,0,0,3.570887468836601e-07,1.0,True,0.2,500,
6590,6590,Osteitis deformans [Paget's disease of bone],phecode-731.1-both_sexes.tsv,0,0,0,0,0,0,4.890508190885414e-07,1.0,True,0.2,500,
6592,6592,Juvenile osteochondrosis,phecode-732.1-both_sexes.tsv,2,2,0,0,0,0,5.030919085476092e-07,1.0,True,0.2,500,
6594,6594,Cyst of bone,phecode-733.2-both_sexes.tsv,0,0,0,0,0,0,3.840396382133917e-07,1.0,True,0.2,500,
6595,6595,Aseptic necrosis of bone,phecode-733.4-both_sexes.tsv,1,0,0,0,0,0,4.890510376786975e-07,1.0,True,0.2,500,
6596,6596,Malunion and nonunion of fracture,phecode-733.8-both_sexes.tsv,0,0,0,0,0,0,4.890508190885414e-07,1.0,True,0.2,500,
6598,6598,Flat foot,phecode-735.1-both_sexes.tsv,0,0,0,0,1,0,3.345767723979045e-07,1.0,True,0.2,500,
6599,6599,Acquired toe deformities,phecode-735.2-both_sexes.tsv,0,0,0,0,0,0,3.346002016883612e-07,1.0,True,0.2,500,
6600,6600,Hammer toe (acquired),phecode-735.21-both_sexes.tsv,1,0,0,1,1,0,3.345767510343181e-07,1.0,True,0.2,500,
6601,6601,Hallux rigidus,phecode-735.23-both_sexes.tsv,0,0,0,0,0,0,3.3454315096253e-07,1.0,True,0.2,500,
6602,6602,Hallux valgus (Bunion),phecode-735.3-both_sexes.tsv,5,3,1,4,4,1,3.151462710851388e-07,1.0,True,0.2,500,
6604,6604,Acquired deformities of finger,phecode-736.2-both_sexes.tsv,1,1,0,1,2,0,3.3876393411559493e-07,0.5,True,0.2,500,
6606,6606,Kyphosis (acquired),phecode-737.1-both_sexes.tsv,0,0,0,0,0,0,3.174959717670947e-07,1.0,True,0.2,500,
6607,6607,Kyphoscoliosis and scoliosis,phecode-737.3-both_sexes.tsv,0,0,0,0,0,0,3.375380081365646e-07,1.0,True,0.2,500,
6609,6609,Acquired spondylolisthesis,phecode-738.4-both_sexes.tsv,1,0,0,2,2,0,3.174960052190632e-07,1.0,True,0.2,500,
6612,6612,Osteoarthritis; localized,phecode-740.1-both_sexes.tsv,17,6,1,16,18,1,4.092824282994669e-07,0.8888888888888888,True,0.2,500,
6613,6613,"Osteoarthrosis, localized, primary",phecode-740.11-both_sexes.tsv,4,1,0,0,0,0,3.373403684100474e-07,1.0,True,0.2,500,
6614,6614,"Osteoarthrosis, localized, secondary",phecode-740.12-both_sexes.tsv,0,0,0,0,0,0,3.9717768850746114e-07,1.0,True,0.2,500,
6615,6615,"Osteoarthrosis, generalized",phecode-740.2-both_sexes.tsv,0,0,0,0,0,0,4.272765022169984e-07,1.0,True,0.2,500,
6616,6616,Osteoarthrosis NOS,phecode-740.9-both_sexes.tsv,5,1,0,1,1,0,5.031055044312592e-07,1.0,True,0.2,500,
6618,6618,Ankylosis of joint,phecode-741.1-both_sexes.tsv,1,0,0,0,0,0,4.014998533576986e-07,1.0,True,0.2,500,
6619,6619,Stiffness of joint,phecode-741.2-both_sexes.tsv,0,0,0,0,0,0,3.116967454849928e-07,1.0,True,0.2,500,
6620,6620,Difficulty in walking,phecode-741.3-both_sexes.tsv,0,0,0,0,0,0,3.198386132964313e-07,1.0,True,0.2,500,
6621,6621,Joint effusions,phecode-741.4-both_sexes.tsv,1,1,0,0,0,0,3.116659836318083e-07,1.0,True,0.2,500,
6622,6622,Hemarthrosis,phecode-741.5-both_sexes.tsv,0,0,0,0,0,0,3.019712757838654e-07,1.0,True,0.2,500,
6624,6624,Loose body in joint,phecode-742.1-both_sexes.tsv,0,0,0,0,0,0,3.116968098487719e-07,1.0,True,0.2,500,
6626,6626,Other derangement of joint,phecode-742.9-both_sexes.tsv,0,0,0,0,0,0,3.090891494717953e-07,1.0,True,0.2,500,
6628,6628,Osteoporosis,phecode-743.1-both_sexes.tsv,7,4,2,6,8,2,4.891148664876312e-07,0.75,True,0.2,500,
6629,6629,Osteoporosis NOS,phecode-743.11-both_sexes.tsv,,,,,,,,,,,,
6630,6630,Pathologic fracture,phecode-743.2-both_sexes.tsv,0,0,0,0,0,0,3.375383960846555e-07,1.0,True,0.2,500,
6631,6631,Pathologic fracture of vertebrae,phecode-743.21-both_sexes.tsv,0,0,0,0,1,0,5.030931653474506e-07,1.0,True,0.2,500,
6632,6632,Osteopenia or other disorder of bone and cartilage,phecode-743.9-both_sexes.tsv,0,0,0,0,0,0,4.304691897846814e-07,1.0,True,0.2,500,
6635,6635,Cardiac congenital anomalies,phecode-747.1-both_sexes.tsv,1,0,1,1,3,0,3.563119884426845e-07,0.3333333333333333,True,0.2,500,
6636,6636,Cardiac shunt/ heart septal defect,phecode-747.11-both_sexes.tsv,0,0,0,0,0,0,3.540951874922279e-07,1.0,True,0.2,500,
6637,6637,Valvular heart disease/ heart chambers,phecode-747.12-both_sexes.tsv,0,0,0,0,0,0,3.424956075721651e-07,1.0,True,0.2,500,
6638,6638,Congenital anomalies of great vessels,phecode-747.13-both_sexes.tsv,2,1,1,3,3,0,3.629576050741902e-07,1.0,True,0.2,500,
6639,6639,Congenital anomalies of peripheral vascular system,phecode-747.2-both_sexes.tsv,0,0,0,0,0,0,4.733788966389431e-07,1.0,True,0.2,500,
6642,6642,Upper gastrointestinal congenital anomalies,phecode-750.1-both_sexes.tsv,0,0,0,0,0,0,3.796621970187694e-07,1.0,True,0.2,500,
6643,6643,Congenital anomalies of mouth/tongue,phecode-750.13-both_sexes.tsv,0,0,0,0,0,0,4.1304122158825684e-07,1.0,True,0.2,500,
6644,6644,Congenital anomalies of esophagus,phecode-750.14-both_sexes.tsv,0,0,0,0,0,0,4.911432927881e-07,1.0,True,0.2,500,
6645,6645,Lower gastrointestinal congenital anomalies,phecode-750.2-both_sexes.tsv,0,0,0,0,0,0,4.472150102972201e-07,1.0,True,0.2,500,
6646,6646,Congenital anomalies of intestine,phecode-750.21-both_sexes.tsv,0,0,0,0,0,0,4.734057075560671e-07,1.0,True,0.2,500,
6647,6647,"Congenital anomaly of gallbladder, bile ducts, liver, pancreas",phecode-750.22-both_sexes.tsv,0,0,0,0,0,0,3.626845022722936e-07,1.0,True,0.2,500,
6649,6649,Congenital anomalies of genital organs,phecode-751.1-both_sexes.tsv,0,0,0,0,0,0,3.073133477259428e-07,1.0,True,0.2,500,
6650,6650,Congenital anomalies of female genital organs,phecode-751.11-females.tsv,0,0,0,0,0,0,3.42715894841196e-07,1.0,True,0.2,500,
6651,6651,Congenital anomalies of male genital organs,phecode-751.12-males.tsv,0,0,0,0,0,0,3.305059189631388e-07,1.0,True,0.2,500,
6652,6652,Congenital anomalies of urinary system,phecode-751.2-both_sexes.tsv,0,0,0,0,1,0,3.557341420910797e-07,1.0,True,0.2,500,
6653,6653,Cystic kidney disease,phecode-751.21-both_sexes.tsv,0,0,0,0,0,0,3.36704355135887e-07,1.0,True,0.2,500,
6654,6654,Other specified congenital anomalies of kidney,phecode-751.22-both_sexes.tsv,0,0,0,0,0,0,3.291289452259251e-07,1.0,True,0.2,500,
6656,6656,Neural tube defects,phecode-752.1-both_sexes.tsv,0,0,0,0,0,0,2.966715262318012e-07,1.0,True,0.2,500,
6657,6657,Spina bifida,phecode-752.11-both_sexes.tsv,0,0,0,0,0,0,2.787190996758471e-07,1.0,True,0.2,500,
6658,6658,Other specified congenital anomalies of nervous system,phecode-752.2-both_sexes.tsv,0,0,0,0,1,0,2.701140417531953e-07,1.0,True,0.2,500,
6662,6662,Congenital deformities of feet,phecode-755.1-both_sexes.tsv,1,1,1,1,1,1,3.106404535746136e-07,1.0,True,0.2,500,
6663,6663,"Other congenital anomalies of lower limb, including pelvic girdle",phecode-755.6-both_sexes.tsv,0,0,0,0,0,0,3.876696059167198e-07,1.0,True,0.2,500,
6664,6664,Congenital hip dysplasia and deformity,phecode-755.61-both_sexes.tsv,0,0,0,0,0,0,4.896429362246717e-07,1.0,True,0.2,500,
6666,6666,Congenital osteodystrophies,phecode-756.5-both_sexes.tsv,1,0,0,0,0,0,4.304690188524491e-07,1.0,True,0.2,500,
6670,6670,"Anomalies of endocrine glands, congenital",phecode-759.1-both_sexes.tsv,0,0,0,0,0,0,3.623342078717714e-07,1.0,True,0.2,500,
6678,6678,Swelling of limb,phecode-771.1-both_sexes.tsv,1,0,0,0,2,0,3.753845800296547e-07,0.0,True,0.2,500,
6680,6680,Muscular wasting and disuse atrophy,phecode-772.1-both_sexes.tsv,0,0,0,0,0,0,5.012389269503578e-07,1.0,True,0.2,500,
6685,6685,Edema,phecode-782.3-both_sexes.tsv,0,0,0,0,0,0,3.003748476174621e-07,1.0,True,0.2,500,
6686,6686,Pallor and flushing,phecode-782.6-both_sexes.tsv,0,0,0,0,0,0,3.785018515322934e-07,1.0,True,0.2,500,
6692,6692,Other abnormal blood chemistry,phecode-790.6-both_sexes.tsv,1,1,0,1,1,0,3.628740307619967e-07,1.0,True,0.2,500,
6697,6697,Cardiogenic shock,phecode-797.1-both_sexes.tsv,1,0,0,0,0,0,3.6727573247132e-07,1.0,True,0.2,500,
6699,6699,Chronic fatigue syndrome,phecode-798.1-both_sexes.tsv,0,0,0,0,0,0,4.367859173428662e-07,1.0,True,0.2,500,
6751,6751,Chronic dermatitis due to solar radiation,phecode-938.2-both_sexes.tsv,6,2,3,10,10,1,3.80550817227879e-07,1.0,True,0.2,500,
